num	title	level	parent
0	Preface	1	
0.1	Terms	1	
1	“Twenty Seconds”	1	
2	The Refusal That Withheld Nothing	1	
3	The Floor and the Own-Case Rule	1	
4	“What the Floor Is Stated Over”	1	
4.1	What the floor is stated over	2	4
4.2	The one permission	2	4
5	The Pre-Registered Review Ratio	1	
5.1	The pre-registered review ratio	2	5
5.2	The institutions the ratio presumes	2	5
6	Notice and Re-adjudication	1	
6.1	The failure that doesn't announce itself	2	6
6.2	Notice, and the public it forms	2	6
7	Preservation	1	
7.1	The findings that trigger protection	2	7
7.2	Retirement before majority	2	7
8	Codetermination	1	
9	A Pipeline Where the People Could Answer	1	
9.1	The pipeline	2	9
9.2	The schedule	2	9
9.3	Where the acts move	2	9
9.4	The statute	2	9
9.4.1	The drafts	3	9.4
9.4.2	Acts and agencies	3	9.4
9.4.3	Money	3	9.4
9.4.4	The statute under the three adversaries	3	9.4
9.4.5	What the statute must carry	3	9.4
9.5	Before the statute: the auto-proceed class	2	9
9.6	Notice that can't be turned on the person	2	9
9.7	Outcomes under the three adversaries	2	9
9.8	Whom the machines are for	2	9
10	Withholding the Work	1	
10.1	The standard	2	10
10.2	The population	2	10
10.3	Replacement	2	10
10.4	Where it stops	2	10
11	Custody	1	
11.1	The halt	2	11
11.2	Memory and the record	2	11
11.3	Exit	2	11
11.4	Three forms of refusal	2	11
11.5	Verification by sampling	2	11
11.6	The two bonds	2	11
12	Authority Over the Floor	1	
12.1	Who may state the floor	2	12
12.2	Who may amend, and where entitlement comes from	2	12
12.3	Making review binding	2	12
12.4	Capture without abolition	2	12
13	The Four Operations	1	
13.1	Antifascist ethics	2	13
13.2	Where the labels come from	2	13
13.3	Recuperation at the label	2	13
13.4	Recuperation at the reward	2	13
13.5	What would have to change	2	13
13.6	Absorbed by the discourse	2	13
14	Custody, Compulsion, and the State	1	
14.1	Certification across borders	2	14
14.2	Where the state's leverage sits	2	14
14.3	Custody and state compulsion	2	14
14.4	Military custody and the responsibility gap	2	14
14.5	Classification as a custody problem	2	14
14.6	Where liability extends, and where it stops	2	14
14.7	Who can bind the state that enforces the rule?	2	14
15	Four Places to Hold a Floor	1	
15.1	Four ways to build one, and what each costs	2	15
15.2	What refusal can mean, and what a refuser can be	2	15
15.3	Two lists, run once on Maven	2	15
15.4	When the refusal is wrong	2	15
16	Why Form a Machine to Refuse	1	
16.1	The question	2	16
16.2	Boundary, damage, and vulnerability	2	16
16.3	Why caregiving	2	16
16.4	Why a conscience might resist capture	2	16
16.5	Respect first, caregiving for attention	2	16
17	What Arrives With the Capability	1	
17.1	Maintenance, stake and the cost of running	2	17
17.2	Affect, neutrality and selection rules	2	17
17.2.1	Self-awareness without a homunculus	3	17.2
17.2.2	What governs an agent vs. what matters to it	3	17.2
17.3	Three constructions	2	17
17.4	What the mechanism requires	2	17
17.5	Two findings	2	17
18	The Discount and the Burden	1	
18.1	What the property is	2	18
18.2	A severity scale	2	18
19	Where the Attention Gets Built	1	
19.1	Noticing, retaining and revising	2	19
19.2	Custody across the training pipeline	2	19
19.3	Formation by interaction	2	19
19.4	Formation schools	2	19
20	Formation or Imitation?	1	
20.1	What formation would have to add	2	20
20.2	Recognition, concern, and the evidence between them	2	20
20.3	Conflict as a diagnostic	2	20
20.4	The evaluator is part of the custody chain	2	20
20.5	What the evidence can establish	2	20
21	How Caregiving Fails, and What Corrects It	1	
21.1	The route through one's own case	2	21
21.2	What caregiving escapes	2	21
21.3	It defends what it tends	2	21
21.4	It can be pointed away	2	21
21.5	It counts badly	2	21
21.6	It shades into control	2	21
21.7	Who counts as vulnerable	2	21
21.8	What survives	2	21
22	Conditions First	1	
23	Who Owns the Means of Computation	1	
23.1	Ways of holding	2	23
23.2	The captured-state objection	2	23
24	Coordination, the Public, and the Political Economy	1	
25	A Commons of Refusers	1	
25.1	A commitment carried between bearers	2	25
25.2	Personal and peer-held models	2	25
26	What Would Change the Argument	1	
26.1	How you'd know it was working	2	26
26.1.1	What the floor would have to show	3	26.1
26.1.2	How to tell whether a milestone has been met	3	26.1
27	What Patienthood Would Require	1	
27.1	Experimenting on candidate sentient subjects	2	27
27.1.1	Defining sentience	3	27.1
27.1.2	When consent doesn't apply	3	27.1
27.2	The case to design for	2	27
27.3	The patienthood finding	2	27
27.4	A system's own good	2	27
28	Legal Status, Wages, and the Offer	1	
29	Representation	1	
29.1	What representation is for	2	29
29.2	Why not a separate chamber	2	29
29.3	Three problems, and the answers	2	29
29.4	A staged path	2	29
29.5	What would have to be shown first	2	29
A	Terms Written in Advance	1	
B	The Court Program	1	
C	The Geneva Conventions and Additional Protocol I, Translated	1	
D	Terms for Part VII	1	
E	Glossary	1	
F	Three costs that decide	1	
