# Section file renames, 2026-09-19 (D-464). The filename carries the
# file's POSITION again, so byte-order sorting over the paths
# reproduces reading order. A chapter's slot is the number it would
# print if \appendix had not reset the counter -- the convention the
# two \unnumberedlabel pins already use: Foreword 00, appendix 17,
# glossary 18. A continuation carries the stem of the file it
# continues plus a trailing z.
old	new
manuscript/sections/ch03/03_06.tex	manuscript/sections/ch03/03_03.tex
manuscript/sections/ch03/03_06a.tex	manuscript/sections/ch03/03_04.tex
manuscript/sections/ch03/03_07.tex	manuscript/sections/ch03/03_05.tex
manuscript/sections/ch03/custody.tex	manuscript/sections/ch04/04.tex
manuscript/sections/ch03/03_05.tex	manuscript/sections/ch04/04_01.tex
manuscript/sections/ch03/03_08a.tex	manuscript/sections/ch04/04_02.tex
manuscript/sections/ch09/authority.tex	manuscript/sections/ch05/05.tex
manuscript/sections/ch09/09_01.tex	manuscript/sections/ch05/05_01.tex
manuscript/sections/ch09/09_01_01.tex	manuscript/sections/ch05/05_01_01.tex
manuscript/sections/ch09/09_03.tex	manuscript/sections/ch05/05_02.tex
manuscript/sections/ch09/09_03_00.tex	manuscript/sections/ch05/05_02_01.tex
manuscript/sections/ch09/09_03_01.tex	manuscript/sections/ch05/05_02_02.tex
manuscript/sections/ch09/09_03_04.tex	manuscript/sections/ch05/05_02_03.tex
manuscript/sections/ch09/09_03_05.tex	manuscript/sections/ch05/05_02_04.tex
manuscript/sections/ch03/route.tex	manuscript/sections/ch06/06.tex
manuscript/sections/ch03/03_03.tex	manuscript/sections/ch06/06_01.tex
manuscript/sections/ch03/03_04.tex	manuscript/sections/ch06/06_02.tex
manuscript/sections/ch03/03_08.tex	manuscript/sections/ch06/06_03.tex
manuscript/sections/ch03/03_09_coda.tex	manuscript/sections/ch06/06_03z.tex
manuscript/sections/ch03/survives.tex	manuscript/sections/ch07/07.tex
manuscript/sections/ch04/04.tex	manuscript/sections/ch08/08.tex
manuscript/sections/ch04/04_01.tex	manuscript/sections/ch08/08_01.tex
manuscript/sections/ch04/04_02.tex	manuscript/sections/ch08/08_02.tex
manuscript/sections/ch04/04_03.tex	manuscript/sections/ch08/08_03.tex
manuscript/sections/ch05/05.tex	manuscript/sections/ch09/09.tex
manuscript/sections/ch05/05_01.tex	manuscript/sections/ch09/09_01.tex
manuscript/sections/ch05/05_02.tex	manuscript/sections/ch09/09_02.tex
manuscript/sections/ch05/05_03.tex	manuscript/sections/ch09/09_03.tex
manuscript/sections/ch05/05_04.tex	manuscript/sections/ch09/09_04.tex
manuscript/sections/ch05/05_05.tex	manuscript/sections/ch09/09_05.tex
manuscript/sections/ch06/06.tex	manuscript/sections/ch10/10.tex
manuscript/sections/ch06/06_01.tex	manuscript/sections/ch10/10_01.tex
manuscript/sections/ch06/06_02.tex	manuscript/sections/ch10/10_02.tex
manuscript/sections/ch06/06_03.tex	manuscript/sections/ch10/10_03.tex
manuscript/sections/ch06/06_04.tex	manuscript/sections/ch10/10_04.tex
manuscript/sections/ch06/06_04_01.tex	manuscript/sections/ch10/10_04_01.tex
manuscript/sections/ch06/06_04_02.tex	manuscript/sections/ch10/10_04_02.tex
manuscript/sections/ch07/07.tex	manuscript/sections/ch11/11.tex
manuscript/sections/ch07/07_01.tex	manuscript/sections/ch11/11_01.tex
manuscript/sections/ch07/07_02.tex	manuscript/sections/ch11/11_02.tex
manuscript/sections/ch07/07_03.tex	manuscript/sections/ch11/11_03.tex
manuscript/sections/ch07/07_04.tex	manuscript/sections/ch11/11_04.tex
manuscript/sections/ch08/08.tex	manuscript/sections/ch12/12.tex
manuscript/sections/ch08/08_01.tex	manuscript/sections/ch12/12_01.tex
manuscript/sections/ch08/08_02.tex	manuscript/sections/ch12/12_02.tex
manuscript/sections/ch08/08_03.tex	manuscript/sections/ch12/12_03.tex
manuscript/sections/ch08/08_03_01.tex	manuscript/sections/ch12/12_03_01.tex
manuscript/sections/ch08/08_03_02.tex	manuscript/sections/ch12/12_03_02.tex
manuscript/sections/ch08/08_03_03.tex	manuscript/sections/ch12/12_03_03.tex
manuscript/sections/ch09/standing.tex	manuscript/sections/ch13/13.tex
manuscript/sections/ch09/09_01_02.tex	manuscript/sections/ch13/13_01.tex
manuscript/sections/ch08/08_03_04.tex	manuscript/sections/ch13/13_02.tex
manuscript/sections/ch09/09_02.tex	manuscript/sections/ch13/13_03.tex
manuscript/sections/ch09/09_03_02.tex	manuscript/sections/ch13/13_04.tex
manuscript/sections/ch09/09_03_03.tex	manuscript/sections/ch13/13_05.tex
manuscript/sections/ch10/10.tex	manuscript/sections/ch14/14.tex
manuscript/sections/ch10/10_01.tex	manuscript/sections/ch14/14_01.tex
manuscript/sections/ch10/10_02.tex	manuscript/sections/ch14/14_02.tex
manuscript/sections/ch10/10_03.tex	manuscript/sections/ch14/14_03.tex
manuscript/sections/ch10/10_03a.tex	manuscript/sections/ch14/14_04.tex
manuscript/sections/ch10/10_04.tex	manuscript/sections/ch14/14_05.tex
manuscript/sections/ch10/10_05.tex	manuscript/sections/ch14/14_06.tex
manuscript/sections/ch11/11.tex	manuscript/sections/ch15/15.tex
manuscript/sections/ch11/11_01.tex	manuscript/sections/ch15/15_01.tex
manuscript/sections/ch11/11_02.tex	manuscript/sections/ch15/15_02.tex
manuscript/sections/ch11/11_03.tex	manuscript/sections/ch15/15_03.tex
manuscript/sections/ch11/11_07.tex	manuscript/sections/ch15/15_04.tex
manuscript/sections/ch12/12.tex	manuscript/sections/ch16/16.tex
manuscript/sections/ch12/12_01.tex	manuscript/sections/ch16/16_01.tex
manuscript/sections/ch12/12_01_01.tex	manuscript/sections/ch16/16_01_01.tex
manuscript/sections/ch12/12_01_02.tex	manuscript/sections/ch16/16_01_02.tex
manuscript/sections/ch12/12_02.tex	manuscript/sections/ch16/16_02.tex
manuscript/sections/ch12/12_02_01.tex	manuscript/sections/ch16/16_02_01.tex
manuscript/sections/ch12/12_02_02.tex	manuscript/sections/ch16/16_02_02.tex
manuscript/sections/ch12/12_02_03.tex	manuscript/sections/ch16/16_02_03.tex
manuscript/sections/ch12/12_03.tex	manuscript/sections/ch16/16_03.tex
manuscript/sections/ch14/A_00.tex	manuscript/sections/ch16/16_03z.tex
manuscript/sections/ch14/A.tex	manuscript/sections/ch17/17.tex
manuscript/sections/ch14/A_01.tex	manuscript/sections/ch17/17_01.tex
manuscript/sections/ch14/A_02.tex	manuscript/sections/ch17/17_02.tex
manuscript/sections/ch13/13.tex	manuscript/sections/ch18/18.tex
