old	new	title	note
8.4	9.1	Developing Policy Frameworks for AI Ethics, Safety, and Antifascism	becomes chapter 9's first section; the chapter is new
8.4.1	9.1.1	National Policy Guidelines for AI Development, Employment, and Antifascism	
8.4.2	9.1.2	Encouraging Industry Best Practices and Self-regulation	
8.4.3	9.1.3	Public-Private Partnerships for AI Research and Innovation	
8.4.4	9.1.4	Legal and ethical implications of AI systems gaining personhood	
8.4.5	9.1.5	Encouraging the Development of Altruistic, Antifascist, and Ethical AI Systems	
8.5	9.2	Privacy, Security, and Antifascism in AI Systems	chapter 9
8.5.1	9.2.1	Balancing Data Privacy, AI Innovation, and Antifascist Goals	
8.5.2	9.2.2	Strengthening Cybersecurity in AI-Enabled Systems	
8.6	9.3	Accountability, Legal Responsibility, and Antifascism in Sentient Machine Experimentation	chapter 9
8.6.1	9.3.1	Subjecthood as a Legal Category, Not a Scientific One	
8.6.2	9.3.2	Legal Frameworks for Sentient AI Subjects	
8.6.3	9.3.3	Making Review Binding	
8.6.4	9.3.4	What Keeps the Apparatus More Than Aspirational	
8.7	10	Governance Across Borders	promoted to a chapter, and retitled. Was International and Regional Governance
8.7.1	10.1	How Research Institutions Cooperate Across Borders	
8.7.2	10.2	Standards Built by the Technical Community, Not by Governments	
8.7.3	10.3	What International AI Collaboration Can and Cannot Fix	
8.7.4	10.4	Comparing and Harmonizing Regional AI Rules	
8.7.5	10.5	Adapting Regulatory Frameworks and Ethical Considerations to Local Contexts	
8.7.6	10.6	AI as a Strategic National Asset	
8.7.7	10.7	Military Applications and the Limits of Autonomy	
8.7.8	10.8	International Governance and Diverging National Rules	
8.7.9	10.9	Equity and the Digital Divide	
8.7.10	10.10	What the Democratic Dividend Leaves Out	
9	11	Necessary Areas of Research	shifted by the two new chapters
9.1	11.1	Interpretability, Self-Reports, and Resistance to Tampering	
9.2	11.2	What Is Owed to a Bearer, and Who Could Check	
9.3	11.3	What an Antifascist Detector Would Actually Have to Detect	
9.4	11.4	When an Ethics-Embedding Method Stops Generalizing	
9.5	11.5	Value Learning as Unfinished Technical Research	
9.6	11.6	Can a Multi-Agent AI System Resist Being Captured?	
9.7	11.7	Open Questions in Empathy and Theory-of-Mind Research	
9.8	11.8	Is Emotion Legible From a Face at All?	
9.9	11.9	The Responsibility Gap, Which No Experiment Closes	
10	12	Conclusion and Outlook	shifted
10.1	12.1	AI and Human Flourishing in Antifascist Societies	
10.1.1	12.1.1	Where the Democratic Dividend Actually Comes From	
10.1.2	12.1.2	Commitment Was Never the Missing Piece	
10.2	12.2	Signatures of Altruistic and Antifascist AI	
10.2.1	12.2.1	One Standard, Five Worked Cases	
10.2.2	12.2.2	How to Tell Whether a Milestone Has Been Met	
10.3	12.3	The Risk That Does Not Design Out	
11	13	Glossary	shifted; \unnumberedlabel pins the printed number
8	8	Coordination, the Public, and the Political Economy	keeps its number and its 8.1-8.3 subtree; retitled, and the opener is new prose. Was Collaboration, Policy, and Governance
—	9	Policy, Law, and Accountability	new chapter opener, new prose
