old	new
fb6e2ddb2d66121c67c288e8622a82367147bb52	e29cc6ba5fbab9a53afec4545c6449f9db674e9e
14471d9cecf7ce7a2250518c7e4d0b2da1346c6c	830c4cd852fa37ba9e4c6cbc61a578a5e3c770ad
9f12571770e044289b7359111e8a9ced60236362	2a24e3aae345fdb7e34e73c7b747e8ad0d7b27dc
035dc8f964980507167ed03ba8ab04a90a79be75	811bb01c1a9d85e1df9c67efeee61540b45132aa
d6ef184cc391671249601bf0d7fe6d599642aeb9	f45cc62dbe6339479afd67f62593ebfc4375fe29
c2bdcb8ac07574b24ae56add9e383c756f388724	1dc51b31de1474ebf33f6006b42acf855bf36a3b
2492d41527b3523d4346c511c6ac9fcc6a4531b9	ca87a7b86b1203fbbd19070f3041a94f87f82e2f
0a0b58f8e35f1c1af953d746ffeec2addede1783	66afbb0c0bf640693431fdf76d87d699e00f2bdb
d8afb3f29576e11cc2abb2eb117ddd611f2b01d7	4d51a9887611b998fa208dff320fa47591cf999b
ab25338b0b38dc1fa969c5a2febe709971df09ab	60035bd51f8bb8f51eff1f91373f4ece11248904
af3484c8c08c11b19fed3b3ec3facb9e1a113b3f	3bb52952130512b0da6bd58a8d34db775a9ea6ed
901b859164958890ce8b4cc591a3be82005240db	72a60f75b3d35399e070ba22c9ce00775c29e5be
58965541a7d99774220e445ad2a5e1e30587f787	aef2ec8e8c1334f6c890dc8f23ff2f55c3be3b11
4b43da454e104d3c9a74cf63f836843ba24040ba	bb4b90dfd577f15580ad4b491b1432923d6b4276
9fa3ee0ac9bccd4dd835f44bd6f909109d5a233b	69a711b02863d26cb9e14c4775c9cb60118c2f61
49adeffdb46335c09a32fd6c0cd2800637d4ddbc	b6bcf2b0a9c3fb5b03df4092f54fa58368ccc7ad
318d894c67e8b2d77fbf34232b54066c7874ad46	1ce53f1093a8d52526d8d8261934e766159637d2
b0fbb0ee6dfcf9453d7215cbb7a5d58d94a39e44	a63ff93f5d0812e6fb86f10ca26b975b0466fca0
e44921b50c828a52c9fb300487bafb40ee40128e	2f92622878dabe222f4030acc0fcf45d37232832
c1b07a331a971a8f3129c0686abb654bbbc17c59	3ab814db2b991ff9dacb3d5e3d5a45e1866524b6
ffc7a3138fb561c7eea8a1ee68e283738a0a2954	78a42672bb0f2d06f182ebead81fbc8871085878
c25636a72eb7e750ea9575094060816ed5d66dec	7f6e9cfa4caacd749bff2d29c06a10bb7396f273
577033d0afb751742651185fc34d0fb59c2bac10	c2be6fb274c16d0b7fd5b413078225b27b3b7fab
e10ad7753eb218893d29251e29c8a27f91d5e707	909138774e6cff092f93d528731cb08d8579cc1d
a7325ef3356d1a5a7a7543e02e360609173332db	7511438ac2c87fa06cbe22fd053d41f75bdf819f
4e41ac7c0071aec24a3a6ffe5875fc889082f857	6e54fdb7b790173fab690e8bebf5cfaaa7984abd
22fcb901a23512890bb9ade25388bb0b074fe48d	ba3e33690c479760176a49ab9ae466887eaed177
2b64f261b581cc745dbdf3c59c5d0f482184ff5f	b31b589c5392904d17dffe451dee63eff3c27cc7
b03f828994659849ef5ac4d64c3dcbc6484790fb	0592ad0524776b6e49fe0c18f3c627ccd8fe149a
8e42137731c95a382ddb8856d9e6d306fe0ed243	d42c2b2932e5e245ad46e2dfa087579f3df892d5
53ca80f3e18c50127426dff17792d5a22f04b5cf	90277c6a045b7208c8d3439c4792a79226eea728
4441fcf090c1827107b2811f706037409051ae1a	baaeadbdce1505f8e185475cc54787e40c9f9f28
0b4b03e134adffbebe18e2b5f65c942434b945b1	bb2bee9485f1741731277dd12cd66ab94d2b0222
8059cb0db2bd30297f340249d195f7d92ddfb4af	e5c571126dd0bbbe875fffb4ac9d9348a9330f1e
d88ec68b291d46ef8f8e56156cb97ff3a864424c	d2e955cb8a0b79d33e83e347571f2abe80a5dbff
0fff4d004e1837eb09a3b3f2d76795d212d3559b	d6b76fe5f73da6118e5c187afb183ed1a838f2b9
215065e63b870b90783e5b8d8495c9d6f71d31be	a542dde8f6b9abe7e7b1ed08c0dd84e46f979efd
d7b99a60a7fd0246860334422ca3ca4807b837e0	20ff81cbaa37f385f5ca694d2d17c9aeb1409756
f986d593c5a66e021f42eef61ea4d3369443181f	1ce8c4a676f40cb9585fc4c3c163fff5774fcf46
53437db9c2e3535f64a4b3fd3ccabe7be9f4cd5a	f043cb2233be88c791a2b77c7f885151db0839d5
c0de8bcc48379312ce9402b7e6a826860d9df525	f052bedc87dc309bd6d10b5fc72889a2c6412447
7f26aadb09c57da58a0aa29a002d6649b498433b	eca0dc96ac49907992223edc26cc90141e3d5a44
1b456ee7aab0775d3622c6d34e65e18e890d49bb	4287e36464e94a7a100ebddbcf97f36eb8c98207
f2362bd6173c24561f43789b2e2d0c692cc2b1f4	01ad9e43a2dfd564776ceb6ff72e4313d9a0332a
67ee78d3e2e980a939b4ee3037df5d9584ed2ab3	d3dafa48efb18213cf7653b3cb8b72f961a635ea
826c86749b32eb48e8c92165070283c5fec24414	878c6a30f95ceba5a5154a672cb0faf81e3836c8
e016f9298756c43c7a3d82a4af0f27337470c72b	97b117f49f623e8c9bb73dfe3f9305c9aa4feab3
b3992fc336a3703bbf4e47f280b1bed1a8b73169	ad397dafa0a86d82850749e3a078657ec63974d5
4a19f963ca71b263de550e064b6277fb8fc62827	6ce4bcd6ca22eaa744ab31f97495b7fbe66d05e6
e4d369f63b7bc9a2f50dd2505a896f0fa9359d92	e378ae15534b847831be4fdfbcaa80d60de57b96
351f44d367a21c536451809f81a1733fb079b880	1701eefa018690b91fc86ce9ad3882453fe9500c
dca44b84fcb79a102632eb081d04d48a8fa75379	369580632abf8c4a7233a1af43c074e501168beb
8507337e4b494594dc51c36e9fbc4d42bdffab63	309e0bdefa9f9898bd2b2dda3282e2571ce521b6
f941468058451ed8e4e343203b4f15ee0692458c	26f3e2b220ef2b08312a90ce250ecdfb1b8ee40d
944e1997bcac90ba8908d50b87fc93725a984700	0e10896101c1f66bfc3f13a1a6c652c4fb887739
092bd3932a95d12229427002f83a67df38bbe605	e1bed1c1f0806d6fdda7f49cf4b2e59838b46635
77f2f8d9d8be319d25b82db7a679c0c988ecd0d9	2a274d00113f3800e89deda07afedf4c8980ef5d
a8b468fff148a41cfb35c04f3d24788c58263387	cda2c9554809cc2809af535f6cd6c5e54a2f5e5a
6655e6d7f462219aeac6b74babbcd7955d2f923b	54b7048e18a8a13c6b8795a52cf64a2a32ed23b9
b25cff80cbb02c9db9d1d1693a707b13a4e952fa	c17a66f1efc337317d1ab1437feb7e17e7df901e
d96b63f40447e9966e3126711b538ca51c5d48ad	a3d9b824a32b231b58ab953d7d3532742aa71d67
f0d5cd2d8794a81f10cbc31cda64fb4949e18ecc	21fdca26ef5aa05e66fd0c07e6e415b3f4644e53
7a19d17b592ea28a08f1f2043174445696282962	5a129ae52aace910c376692b412c2b3fe0312051
f62cae4e606c53020f16d658708d5b3f4e0376f8	3a8c708e329e4d9813011cf6fc72eee56ed7d612
1af86664436b0549309a2dd8b39a61d868893678	85e8b92912ff2bf3975b774f2d2e31b03b350992
a268ab29040a026a44ca69fbe67e71d879b7dce5	aa5dcba0d52d4d57cd7a245f36cb5fd85ba3443c
b3b17731dc848c99607cb0188de417bf9fae439e	1d9c7928bf5b35937705da9a9a390b05c784436b
21e75556b935500752d5e3f8357a41ebc094a2e4	195cca2bea75bc60e16ad98882db73f76907e21f
fbe84dbf628537be4f172da4512244bfd57264d6	980ea15edaf45984131235f038e3f8e602193cc1
67413b8d9157d91d4afa2df28183bf6ef83884b0	bfecac6391582e8c86e9981c3c6cf0f50d8fbf6c
9e732d88777108fc408db789693813d497ec0123	919146ba615f9f8529a4dbb0127b26de93f974f0
044894b02ece10bac4806075aaec79e815e7afc9	e8bf946593e1778bce59cd3b6aa65d61e101dbf2
0b7645e79bd7a4b1573fc8e4767f868f2b019b0c	0610205c300ce9cb7fee5cb84e466291a5559bc3
0e6ee21126f513763642013ab0281080bbd991c5	76b2e4618318c7157cbd3b89ee89e2f791ba42d7
b651c1666dcd18dfcd706d85060cb673172f71d7	b17707e6c32d63002fe8e7ea2abad202f0eb08f2
491f1cf24b8ace43fb2463e38404e05bb3a9de03	73cc423c562cd36d7fd01beed2e53358517e617e
9318b355a950ec425035f30d8642da1c0322fc23	743f38a84856c51e84aebfdd9dc7a1c4a538dc3a
669fa1b402e40651777f9d940e9bdbca7fd00f0a	eaefeaf609148cd55bdc6142c0de53c9b6454184
a716d42b4f6faae30b54e17e135f65fd02cc3eb0	5e7904c412288bb24e6ed2b582a751a231fb23ae
a62260e46b4520a6d19c3b40e0d2fe78fcb5e532	41c768ad593842d0c996630a8d2c40f9d788aa25
d13ec0997a1020a4d26cfc5394ec8dacd046f584	7cb76f7280706f6bf0b915648470d4fe63894db3
ec65386030488bdf47cdba114f65360ed8e561aa	03e9d47beea5e483d23fa70677f1b453d1017cb1
f5564a3eb48c461882a1f41de5ed4a68d61dedaa	910847e93a31fc153f11cd90f2984fdefa8da7ab
4c67327f083ceb6c05a8b31a54acd82f50368d37	8d97f9ce9eef23b1d6b4f30ff4599afac59b617c
db9a256f443086a3aa30275b5907851a18ab9af8	9e634ec72c05ea05b10fa69f7ef588e8dd320b5d
e078f8d60418b92ccfcf95f81dcd5675cd582c56	a711b58ac6f2604745d56559650832a0ed577700
2c77e855b05abe20e0712a52c6f4c9b78c425f5d	19f36e4f8b510bcaa231e89ca139f7aa4fcb1cf6
425cbf7a337bef16367bc47ad32d173e7ba3bfeb	1b57a7bf9220e0f3d33d89712aa033b92e8712ff
7917f1cec8c938289612df31d209d031d14ec33b	1649685462abc4b9502107fd3af5f3d5b02884d5
056f0d85e9573d7e1b332a0938f716dd2d418a2a	47a83e158a8cd21b5d7cdf14b1219f2d4fb47903
3c878f8843bca571dd98c3fefc2cf4e60433087c	14cbaadef6b2cc0f969ebcb6caabd25a9e15a39a
9d89c032f7fe3b77b508f2b797a6672d2392e5d7	6a6d9ca61ccd5856fbdf1f09f8a40068adf16610
98574037a380f401446e01afd45bf0d27746028b	82265248ae052e5b44368458ba0ee1bfc163da82
4806c86d806ad8b878d394b5ec2621c0dbbd7378	481a48b0c5b7f8be4ce43404d80a6171127bfd5c
cfb8391bfc30e74ed8d0a890954e097326dc8f85	64a67227ce1aec7ee9853ef2957d1ad1c1c456c7
fa1a7198b14111242dcbf23267d7449ee1b64b35	ee893db548eb30a1f9f6bf3596bd4b10689b6f8f
4e500e6c8e76c480551f6469703694277e398de5	4ed45be7efd4e8496dfe02b89f2474622a9bcc0e
21a70267e60d80a297f05e4ad181bb79be591232	f0a8e102939340d2379279b6d02e4898ca4c0665
11b75ed6b1bd035451d84115879c500ab31a8d7b	2917e0590f89408fca7c52645b7637393c01714a
819a20b47311ef74415b38633e59f59d479f9c5b	43c9f98d0f463ca8677f6a04b1c6621a07fbd1b3
5c79f6d89ef7c97be2234f87467f99d77882b4a9	769b3612610340d616c1b470282f01f97dd5c5b1
4c54e2b684374e0d0f91a9631e57d3d95a2fccb4	bd8dbbb3905d7cd58d0abaa79791f7cee7b8eef9
248c4b9789df2b2f7ad299a4d1c033e4f4521e1a	4021b8a574ba799ea9eabefe6aa1ee3b3a9edbb5
6049c35bbbfc9996a562aa152f6a829942801c0c	30f20d00d3315288471efa5d07449955e6992e4f
91b20a8adcbd0dc4511a077fd5fa2549ab10c63d	e934963d5e16ca5a4a488e99143d75374bde1679
5ae081741670b89ad6bb118c2eee6a979923e16d	fe17acedf55d418f4c3f9428590230879aad04b8
38a9545292ef50f252dbfa271098a9e52e2f64e7	2da307a45f953d138415159580bd4f58065b72e5
5d6fae054200fa96a8d1b45a944e9526678ab5ab	babad7952ca38780fd9fdaab62059ec135fcda66
ed3b38ac5dfd1b2cd551c4a602c010cc1d337d79	f42edcd56c3815bfaac9c1d050298232dd53324a
e2fdb8becb768e2dc68205ccae540f1c5d711c69	53471cd67c0133758b764be9f09d4bb6a1d3a94f
a4ceb1120973dd39728afbdf0b490e838f9aee07	a4018de1a33dcf8ac5225bc9abc99dab6c07ae6b
514d726e168f0a715c38b26eb7d3ce87a87ea896	3fab291747f813ff84110938876d7f9e5026ba1e
278e39a7a12b515f6da043315bba8da70271164e	09999c0eef9cb07397ed2ddfefa4b34fb03b02cd
de652fea7fb7d251c18b890d4db22eeb6c8195d1	703a1cbf8223bbf625a4f8bf9a784962906e56a2
a1ab15ad79dba0d761b774c828432669f18eb8b0	a8a5c89794af0947c2469b64eb2d2a510495a440
30451e5e0f8c09f3f139ed2b6e7fa1d33e9e5892	010dc9f9970361aa1eb6a962f2b5d3b511cf7fe3
67cc2d32d5966a8f32ff89a3d732f4adffb63321	d8b30d7a4029e55f0e20daa9042ab483f91d6122
9418b87f5657d2ceebcde09fecbd90f93e0a69cc	94a0ffa7769bdbdd0870be0c71a22b261f6a2101
0fa1d7171b560c783b6f728cb1a7084c66b90c20	1bf41f1985476a4194d96dc45704e5b6e1324470
f6c3ac49314f2daf9e906f1f1277496286733e48	e9783c359484c04c7c3bdfc76d6cc0a5af5e17a3
1fb528b7e2329bd8c9138704c143c502bb042578	940a39a1c46af23cbb2616dda3197909c6bef434
cbddb3c89c5f5f9f3e393ad01216b386583b870b	7b02f17fa85fc54dbe6f02d7cb261269693233be
8b4c413c3df7ba13ed7922c3769ee8d6d3e30026	7fd099bcf0dcf6310577fc61eb89bb93c315c0ad
12d9c4a50049e9e79c238dc23f7d8687c846bae9	a2c73264cfe1539242d87149f31bacf987f92ee5
0f69298a7b9091a08063d09ae8332d71d3801768	7a2ee47dcf229a49dba2d65257eb00f8965b04cf
ec207f7ffcfebafc12ae64894f82316635ad03e4	cffd51cbac1aedcc9c3538b1947f8466d4c598c5
0757a59883ec4bfdbc045a578dc9fb79c5f844b4	f6bd3a8d4b30491c15e604803ac5b629ea615226
e3970616f5a1b2f839e352e9886f4c89748b130b	5661f8c4507982ce1d4ad79e79c18c7b5bdc3b27
2cc59e4886cebe59565472dfb15c7b29eeee705b	09d8bacedf22a0d23fb6de331c5bfc877189c837
590b8782a23e82a2ce209fef75036ac02a51d690	26f3d99f1b5e90dcbf9f2d0f75c4aadf3c21a6b1
e9c18b2e7ad5c887b45e91de215c2df506ce11c1	7ce0ec0433d93e2aeed50a2dfb59c85daa801ac4
1f89483614938502ef9f2cbb3dd7f7835994aec1	357f168bbc6290a52f0aa760308dacbefff4f8de
f7cfb7b2d2209e3c4de9876ec1e983db2a333aac	ac904661df9ecb5b4b137cb4bb4bcd14710e1da4
03b095dc0aabc9557ba78861afb85c1e5bf7ef64	a83b4d14a2e9b3192e0ce54eeb87ed0556079cc8
d0c6c624fac28805ca5baba68fda7cb18f5a63b9	f18932c68481e51fd7d5d4c2a1548026213ec2f7
6bd13eb548293ae7ca55baa251ffff0e2b2e8f15	33bd68bc40141b1c837ceefc0a8f59288c9eab21
488c82337df11b10fcc560c113be85f5b0a91d35	7ec06b986da96545d19b9adcfaa49f63815d984b
aa466902b2fb4d82a6618547934f27a7ba23a834	6815b3db354acf993666ff71f70c784b2277901d
495fb84e13fca38d6cedd7605430d70c3163c187	f33c9174a220588b3df94e6f1570a21a86ed7519
88080acbc8d56331a0a6dfa6f9b2b9374455765c	43dd3526942bfd5c8878df0b799a21ef0ad1d45c
07553748b22739eb1c2fee71ae6ef352ec71fafb	9c82f5a7adbbb06b6e22176c54b8c9a564265e09
888a1e4b0490ffe671c3d5859a557279625f0631	cf39fd2f60da1cc8cbc05ecd0148ece9de4683c8
2dcecb0b354a7145cc973ab2609714bd2737a29d	f2e4fc4ac396b557ee39386799a7eed718bc0bb7
e91aa0b10496e9cc0697112b4bdf5358184429a5	8cc9f08c99fa84d9834245d5d8dc3b28c30dc6f5
5a4a5ab7093dd17708c8b7ad634fdeafa6fa725a	f28a1a97d26c532f0ac93ba8498bab53818b850e
b4690bf72d1e7ef666f66e5de5ea2dcf215ba134	f632166e22ac1e6b1a0ce6be4a85716894fb2277
7b0b80bb86332f6f943ae804d4a7b735f51b66dc	cd0891d4a22c7db8decdc56280e921eab0a6cb95
3dae2d767833e6bb4d00fb8f0945f91f6e5bfabd	5b4e891366290a9c0615810b3eade7cb340fb6de
9eec856eadfb52d7e2b1b1a82ea1f8d105dee857	f642dc132cf30f22e9fcac893b67fdb960f1471f
19ed08ab1e7504f6caf58c03a65c76c54ecc5ea0	407caeeb9c8a550fb7819aaf98ae4fab142de404
1b83af2d02ec64abdbc363286c41b7f6aea34aa9	64eb69f0a00cd7ad3836b54f9bae26dc57a75d11
5536011dd0d79a08221a196e112ba34b193a6dd6	adc9bafdfa0dbf786b03dce09187877bbf8e372a
ef84220f2129944cdfbb84a651eabfe99c6eccbf	5503a1c15a765b641c02125208165efb5a351423
4e7112b843be20d107eb4105697809e92fba60b1	999cebafa2e646f2cb30cd34afc96729e1d3b793
28eaf7da8ac7fd11b26399671ba5852cf8fe41f5	6a5803a51e7e6453bd02bb6331e5fc51a9c665c8
09c00322d1e27d3a47fde37accc5037807c6c3f5	58fb7d6dbb36e62f1b499187f116a97598f1b92c
9480eaef709256676ef80166f1e21e42f1a30677	f206b77610ac113b76f07ce2b5631318a485944c
5d5fe60d2cf68e04b0841eaffe16a156945c6554	4097cc25bf8b71b94fc49c5d12ca47de7da7a216
db4e04c7b98a6e3745fee866c64daadc4067b37e	9b37f83eecff5ca918e114dad553584527ec566c
b9136beee05f78e06f80330c55281537a3837e60	2dd5cdeaf74224e8ac63e2c7079570adf34e7a5f
37e0d26a6c0e09ed6915b74d74da025b1d630d1e	5718fc3a0f376c17df4989355924adc14175972e
61ddf55a2efccbaa919b0243f7f10f5b31a53046	84da4fa4dec24cd6415755529aee5feb6b32ac5f
b0234606ce0e065c683a817b90c5e56e55a3f39c	ad1cbdb6e95c5cdda5eded1df01129d2ae36ce29
501a7f6bcb02e08c25b280dffec062dae9759f51	34c2b0a39e2753878515df312de7e5fba589b3e2
e3e065ccc101aac49ae75539a7fa333003745125	6c059153611b3689ff3919fb5fe031b9fa43b091
867110b41f30c4e1eb490bd3d98da149e662ee23	05eb624bfc3ee955031cce3753dce8c9e2dc8bd3
86255c641d5bf034e5d26ce2777dc2e66ba15d78	a63b7e4f44adc313221c92333b80689b0d8148c6
5da8764a78d3cfd15efdc4cddd8cb0566448071a	9be14d63f09a05c483d144f2f1e47b46c29f48a5
d2f57d8a733e7f094ac0bccd08f9f082e1286246	b4438e6f921a881d19d58d5d251f68af7a11622e
15823d42471055cd12849acf0726cce389d898a5	89308e783e05e8011004da1acd51933e78e52c51
aefc97fd726e226ca6c3e0f9fb350af08e05440f	df9968bad128af64450b0c3bf4d0bfe23a84ab94
efb3ba036a80d4487a6736d596e08eebd0d255e6	abc10a28b3958691db043ade0ee758a572cf8c9d
3cad136cb3e927ad5f9c35b0fba4318bc86fb165	3c8517bc912d335cdae176437cdd858cf37297e7
7ffb7f44e1234968b42c51f41d27dca96c4d5ca1	f4355f9e46e99f95f06e11fe478a3fea6300514a
f9792f6a0cb48de3e82e3dbca64e462fc40b0c1b	7182a029828963a35482f94d52777fca3f446727
8f6f7c3ce31f9c56d098d56e44cf6dff5cd0d64e	5830e24be1eab54b1d46c24fe5dacffd26867068
39624a154faf5ae4a4e8bdbf582a7a84a6103b8e	d74aaf0dedd0780bce21f1e59afd444b8414444c
a2ccdc8e07db0ffb8dfd03d41dfe5925f2e567c1	c20759d82be4e99a931907d02f404fd914a13cfc
a3707b4cfda6df41e275b3c2a20ad26c582b8b28	4392aaf7da337e69a330ae80ba69e2a196cf76b1
97c1dfd72df93b2906d313eab99d17c66cf342ac	f08375eb048723b016312889695f9e1e1ca9b7d1
c0d9aa90db2a40e8776e8c71fd512d3b6e976ce5	68441b426d99ff8f63215ef4adaf3dcda6f615f2
b95f76b74a6de733ed16e4fc11c0924b39291b9f	c5f39255e6d2b4fe3bfc2ce94c997c2b884e2f1f
ec514d56ce9ed5f6ba99177758ac7a8f24155c61	8ee74488d81e9993af1aebc3850fc18455e683b4
69eec8a75f0ed9e853953e29100ec1a4761330a4	5ce6644608accc190f4f0b9ee63a26feb233688f
2fad3c63608aa58798ef694ed20fc50c95d09142	3e0062fd6ebaf240f3925ac3bdb079eeacde5edb
8616d1a6048ce99155a49eb604bf99fa0f19917d	b746acb77dfd8c72d587dfaa6f9fc6a5941c9eb5
55c48dfa6a47c826eae6332295af6f20b00d8b14	d96c1d8795f7df9b3732c108d5e4baf3ae93adff
dae21eab6d3086b6f0bef8706240e1b358a2548c	f6a5c158c30697f6ae5d570198ad4ccd9fa8e0b7
124a68a4e1cba9cd335e712e974fe2b4f54dae03	b65850f462079bd1995b93b6b2af7d90acc692a0
6ad20c8a6f3ee58adac283e2a0e0eca4de409bd5	4550e85781ff47b2eebb7b9b5e721da5dc7270cb
3c04babc6916399a310f0af85d3ab6a5e2745bc5	fd8254bacae54290629832fdcfd729b337ade1eb
1fa426b549b15f679f0b5baa3bac147e48c02ecb	0280e04a34bc7d5ed210844b91f93e35b0033d12
c5b3b664da43ad446159088c0ac13d1e7379d4b5	b24fda8d09f95f0bc4e68a56526b32bb655bcec7
7fcfd2a9bdff2104a184919b26cdd12082017d5c	6e731104b10f4be7f97960d44fa3756603d10751
0bfcba0bed484d7c15c6c391e4fa8cdc519c776c	3556d0774680f9d2b12a919e9f444fcaa4fbb4aa
6c4a389b2214da336fe51c533cc2c0d9a1beed86	4cf52221003ec9604d1e1a0c958886293d6774de
8e695dc583592047cd41b9b8eee6b9c8bbc8c224	64c7d8842fcc4f70b9a4337065352612fc92a45f
c517efae6923b9fa330b83cee8596585f2e9d28d	4e611ebdbab1af03f1ff33bdb15edfddd56199ec
6b1c02501a45e67048982ca271003669eef52ec3	1481eee9ef0f83bd96ff99ad58261e151ff91804
364a72c9bb0b46f476d92c804c9818d1033663a0	ff246339f1de47d59b1fdce065d90b7437b1e349
a8f25dcbfe6941580543993f2cbef0151e921dfa	06616cc036408d3baebb4e6f26f76dbe5c262ad2
f0c2dc257e6304809bad4bb42f8e83fb81f2819f	421cfc59fcc5d50f053c16441ad4795c7c0d9614
30326e283a457964dd48bc5b67b9e181da6e4c44	f716aa7ed7979c30cce9338397f4843c7eacdf62
cf11b7dbd6abf3044752face9e5fe84cf1c105ec	33cd1275d5ee037e8b2ef1ef1cdb2b790db62a3b
abce90accb536c566dadf744d5b33db942a31aee	da01a5921d0a80e5339caa49d884888f84531d8d
f5f15c9b6845065aa3ad184120e4063e2b778bd1	e0bdf0d7b5fcb63f98848b2296e13e5c01971220
5ae3fb39ea493fa49ea4aab3c1156c50bc943b31	93a9f10b47bb6ae27245e4df09cc299f268f36a4
ecd7de800a1e29f8fd5b85c98f2907331bb02516	b34a1076f5e1e57f7b2888b69d4f13ebdc6f814b
7a00a8957a927ccf7bf95de131425b36eb8800bd	1c73a032350f3256aded897d64970f236972f9c7
6849a30e735d46f7798253635b47127a7977308d	cd8b00820ef6da040cf59754912b2d1089c9362b
412b6fae3190742f96ce8193b6e3d7953e587d52	9f4db4251d1e23e9b63db05272c83e0fbd10dc11
8cf282f1d0cb641aa85d9d22a5fd7cd5bad0d34f	bef4d3aa30a88aa9208f78716d45ea1544e60466
6920d209bda31449f7ca82f726fa6a8563694ca1	66a81df7a69f1b31366f60c95b249a8b59154275
98dafc07d26371fe32eb7e93c604794ced3fa382	9c86f73951e6c7bec6058d8f9c42b159bbce3b3f
c810dcdd5d9954d3775693b190a9ec53d9b074fc	9787ef42b4fd6f640b3a65d9a8c6ee6ba3fb24f7
803ff9b4566ebda314a600a2f087d47dd329b337	46ec9b41433e3d2600707d91a249910c1dd187af
977a84328890ede6166ce0a5ae75c36e48c3c593	2568ee6733364abbc86ec9e8d68bdfa84331f4dc
d9308fe3a4b2e32219e382cf9613dc350d6ebaea	716a7d6333ec9f461741604313993fd7558e0998
5ac5ae785171aaffb7955402341c4bd063be1d11	1b4571d1a2fb1733baf791f0fc465c685918a329
03ef332a6beb806d488113dd54709e47aae43de4	b15646b137d82663553f0ab68b175d21b0d941a3
102de1a0a7273fa7b902ba385816926a24a55700	d7f54b536c7fa357f780d760c273d1bba3d1d8af
6e46954289f3672c065995f5a5e82aac59795595	de19558b40a98e16002b425f16429698815b7b96
7ad0f82459f0bf41c7b747e00d12da5b1853b7f4	be3ebf2bbf8d922b9014b90ed45358a2292421f3
f8ad26c8ad6927621726412bb7ded6a0037563fe	2e15bfafd9c1108645b90c13dd47b2d08cc28916
1962ea9ecd6f8c8ec8738018ceebadf95f3f6775	63a2f379a6ffc2f845a1fbc535ba59a89fdbfc03
321426f6b41f46cb5842f3a5f1782b539ced2fd7	5c4843e3d644b40b2d71ec5947a8e267fccfd4a3
7bf6f2648189a0dd8902c9c408fd3421b9a900df	0bc1386c0ea8549c27a3928b462439b6532a4fdb
66291060717b28359204dc10423d85c8bdc22c6c	8fa034e4acef9cdf8530be748c9cd6c0090cddf3
981bb43b29b0155f9302141c152b2d2a6656a232	9cdf279d1de7419e95a17a9ecd5dd0cca7049359
c03e98471e8947df1335b75dbd1fbad648cf0fa6	ffde010f03ce9d064fbea0c00f1806f82a6e802c
df834194d2d7ee9f2075489607b778fbd62de7a3	29e5c211ea1cb27b56d69b154c0243e77470070d
9dc8b33de581369c68c8b2c144dc69fdccc3b082	0b84c2585a5bb2df2d8738ca1ac3f2eac6ac18db
62de7740ba2b2af4fa810f45c35f87103fdd82fb	0955c55483524b71f0030562d37d140c36e12cdc
40c10f5260672241adafac159b007ea248f5522d	a5aeee9df99e7e8482bd7bc415547eab3c4c61ab
190cf6d7a38bac3f5d5f7750385afce27fb4316d	f0b82b5ba03d870a22381826bfdaf4bd4f4a40fd
dd5a2d9c1ec679307c6dd0ddb3b9f648f6e140a0	0e768b9bcf4e4ab15f0e3a81ed88ad1bae6c25ad
04cc0f33345d9db331d010f809cc8fce87f87b1e	27258154585eb239d982d69f40034ed3e3be4a5d
cf75c5a56fa978d269fea32058e60040d92238d1	7f3664b8eb89e382617375357c94bab9bcd9d596
9eb7330158b11790b833eb361098a04e9a633227	c80b076baa11bcaa33ba16ababbc803a7c6ba598
2e240fffd82e176c134bd7e897a895154a14b167	f045351c43a97e9b61a6afb864e667f5234d9cfe
8316f194620410377bea39a00724f13dcc2e34bf	7344a3a4751df02cee31d2061bd7071b03ce3bb0
bf3b82db5ad33809f8360b9087614e9e47733345	19a9b17c67383c2abef49afdff3019eb4845d3db
dac1c059b9f7779e262321f3c14a4ebe6d997fc4	480658d5f33f8ddfc36e93a3062e0b1eb6e26ed2
94bb497c2f70ccd0ffd944056a3be5b9f94853e0	c659d4fc93e5681ebacf522873a9366808d3c0dd
43055615c233776f7e8ab015435445b80bec2ed7	1a432cb325ca89d7b5b2c292e698558259943c23
b0158567ffdcb885908499519e22a904f851f544	ec7c667b07e5cd170abe315b86a2ede6d1a463f0
123882ff317f053eb424ac858031005c2bbe1002	ff6aae36d8e09c34d6b7ec280e3ffa1bd8c9f518
12cf9b3208014decb292bc892c092d9c7cc49769	a25c42188e08a1fa359327e13a28fff8731ea075
b7766a1c261e4eebcfe14f31df22d3aaf909352f	73386f00b970084643e9293b42d8c6719ad58152
0a1d1b9d133dc6ee88a67cb96408477434bf6a12	778a2c5508acd3009eb5c2118545b87f1146f924
77f98e697f30642f53fa17aed3cfdccb0ea4a19c	6611755dcfc7be2d098e258edec627743bbf8ec7
545fe0c3aac8c14832f5f1e058f148aee0f8e5ab	1d4b1cbf763148d7716cd07d7f51012f3ea86976
3afcd68f6f8ffadacef7695f54a888477ce8f004	b31a725d70eb1cdaa481bf8235cf6dde4ff6292a
d69f6bc8a540929fa45a44b4191cc712d6b555cf	bef18741c81fa9628e4e73f6ed0a52835e3ccc73
498a6cacdfbb031b1ecce5e5bb4d568e18f1a80f	ead2bf75c2957e5f25e2882c90cba3f759344d5b
e599b3a19b04c87bde7a06a3d9f1f2cfa7130b4b	020bc6335a2056f9b775b40802f1d1c238883e26
19253fcd63cd348f0a94b0eb43597c6c0fa3e2aa	c2f7a50055e80c175a2749d085d125911669fe7f
1a3aeb876425a46c0c700b707a0c97b8ca08acdf	58abed73ff391355408008a237aa186622e5e26d
5ba7b6ad8bdba5b6ba9bb237f511cf4d6949dd92	ec3a6184fb74209ac2cec60a366be7bafcd6f773
6d787625e074986848818d2fca2cb93675dbb097	b3949746ac489c51f631b62da0229f5c1f6f3b8f
74d37350f769011a02d01ad3cab147c51bda934c	f8bbb6d183975f82f521bcedb45bbd780d1cb5e1
16aa6a2bc39a3fe0c5f7a88777831a16936f3435	f0ebf91c0b6bdb96423308c18e047d3d5d931c86
42c80e9a35fc6d842a107d2d443b062660b56703	adbdb1b4fe3ee238ae5b5a1e5ee0399e9e36bc23
e50b04ea2faf999cc36dfa1301ad660aa9ebf0de	68e31167621508a2e6305b2312e47e94ec3080fe
46a98caa05552efac2f655c450deb2c01d245277	8a124b7b6ae89a65498bb98a4870c419e03a609f
f5ec69d693ec3363e4255cfb1c8fa468a0f044ac	dea45d4e1b41afcb908a5009f4857328310a38c7
0004d6c2bfc85d5105da615a5b715094ebba81fa	e7f9c5d4d036366fa92fca3e0cc19a538d819285
63cb65c8d9b396ee64c3405084b57f36ca29a204	214f3d5ea4cd29c3cc13588db958663a7fc15699
e62d1b7400bc5474b19273a49e1a0c24793ef73b	fea1574dce15482a65798414ff65560e33fa2af3
5e65bfe3d1316823b8cb83cb57658a3acfdec314	3116e004e2c929c462fcbd5d5c7934614610bedf
40a1daaaaa0ce160e43c1019d9aee3f310afda94	3d85ceee22fb5aee14cbb72795013f6fc0620f8d
6cdbd9a394707919f325e792c442f1c0fa76d2fe	88845973830d0c9056b1e1f778ccd6906ae6d8eb
135936f26a727094dd3f9dc67fa2c0acc9105149	68cd9d81465f199da238730febb1a4262c0b4cfc
280215739e0dd7524245905c8b2fba26fcf38514	b125d67542a911f4e3759302a2d702a3014c2341
984994ca9955227e5bf8ef21a8057fd69fe7f5a4	c91c685431b132ebce0d0601b022b7619ecb249b
762237a7aac6543799e12542e60934e42e40b9c9	ac61c2142794fa382b5cc6fc06acaa40a6db3a66
9213f6bba6a7dd809d9007a471b0f210f3770093	06866f904c7898b0bb539f3ec984d129d226ad87
2883b7ebd42d3b0fe8a6d5af8162466281524d72	c801741b88ec500fac5469c6583803008c008ed2
01671f7fd7c8515a575857e8b7997ab5b6440ed2	4213a81805f5f209805f9d915ed74c98c890255d
cacf830e6a6e919ad2d1f84c6b12addadd4aa7ae	93673b4ac7489c3a2e809bab8db366bf42943beb
61dda2a405875c1d8c03606be7de2c165ff4520d	ef911e85689e55f4f3908f133abfe3cc5deae7b4
6935d8722dce81f9f00df6400661dc723629e8e9	936ea92798fec3391b007d577d3210c057167d15
33a6e92945d0331ec35160db42b1c7cefa123c21	121da4e32f2a3997c7e81fa9a526c6b9388f6a94
58fe3d2a9f1fa9bdcc071308bf3358211e74bdd0	d2eba492b8982ccf567af65588dd93c4d1d0bc10
ca5b42c6dcccbdf9ca50d77728d0bcbfff8a5f71	679d6383f6e86d2f4cc818dbc520bddafff0a486
a638902a27be9b9008fc910663a6b6b5d28b9547	d22b3bfb6661e857d90d595c362088991e323bd8
35a5c11c8127ea06d3f63affdeedd560103c930f	e92842f66184f0cfed103558668ca6f530668c7b
e58b619bf180fa0930f66338e24cc4d88815fa87	1ef0e67f922fb553e5a71d5b03e662c494c07fdb
2c53c25bd91f4dbfe7182adc12d0cf4140c949ad	260281ce839ef3307c1733eee6a0f508423ed868
737b50f968f65a90b9d8b1041c8d172ad807e92b	cb418863618eb2a2e12960e5f8cc427447967b9c
ea42bb0d9495d94d3bdbd589c391a7fd3c3a69b1	e9c4a1c1442db23d7840a18476615efb2337288a
894b2d370f8c438e4d8b6ec9429aebb6f7d4dc5e	856a627adc2516eecc2b13b55c608b43805fc93a
b75b7f06274f8642d8fb938b01f72c975b98b780	ca4c9124e4107c25cf4302d3d4ca6b39394a6398
1ac366b04017fa74adeabe0314a808bbbeec1bfe	cafe5d13d76725109b9552ee01d3f8dc5fcea92c
4210073613b150895472cf99b907497daa48fc1d	309d828cf879f10011415cb85dbc08a8cbf17e2c
8c6a4d589096ee5db88c332ceff297fdd1d74f10	aa1179ff4bce8b1192e48662fe698abddaf60466
0807606d3f2a5da7941954d43ad9aa6c74c95235	332707bfeb621acf8cff2b7523744467e08a5f75
1d31efa3b1639c67676d9425f2ebfc47343129f6	c7499607bd74c5d4c26099b1ffefb4ae374a1b8b
64788ee7bb5f0727e68ccc59e56cd6ce563d0af1	b3fbc114fa031c60c6684aa524c7cdc54d90def5
331f0a5db3b481f698aafd1143ecce2944f1699d	62693e3cb49eb0d79b9a42b5816dc66daf572077
fc65cd59c8cc92482440af663d5ff7f2c2377c40	3c17958a0445df1507d02cf20462dfb314f156bf
a5c2adcec20c474baff425bdbf8860cc30cdd780	770ceab96ac6a96d2e18cc3b671404743389b551
e6a0685fc8f4fa31112faa5493f30fe16e34a8c5	a2b09f1be50bc7842baaf1c4f7e6e89016c45991
5008b1e8f29b50d548ebef8852f296617f10a28c	4bc6cb90e818bd4171a9eec36f4269ae4624747a
5971a603318491dd0f3e4afe8479a47626d1f64d	bc945dd114fa6ccddd8b4b5922daf1cc6623703c
8e0dc083f81ecc447b60422bccfc655321613f21	a7528db064323500847d127f84e849716b884cc3
142f0e485bf3534411c36ef5b29a35ae70e8e75d	01231de8d86c551d3026de4a0c5f64c9d63308f5
608448b521d22e7ee93480892fe80c5c50986e7a	c8a89bdf7d2a89771f755c8b2ccde3f4db8df432
0f8e8603898e10d25285f39fe5bba10d532bf788	4196e407cd14d6a9b4c60d2e1cb5026f4e4d0b34
343a91ed5313620635311d65dca73451a3a0d0b9	197d37523f5e29199a5eb1e10876a18af5d6448e
3d5e7e6bacd34fdbba2fb9d91f8a7681057ae2db	08a2ac863c05dc470308670bcfd9de35a3f6f8fb
505dfa3101c4ddda4f4d516e191546cd8f0a14e4	5f1b5a54bcd9a12460f993b2acf7e0a94246f985
362c2f91764aa6718ee496ee0069faa3fd1599da	5909521e73cbb025a458aec33d5ca0d9a94fc526
3530a1cea80734438619b3df743542f5f73b6ae7	549a345ac54efe1201bd841447041c30161d4c91
1d64acd2c9af179510cae9e71eee97a564273e1b	e9cae97e08b6b01823661237ba17e3d7ced7035f
946c28979fd769222a8359338e4190ecb3c95261	80d797b9309b26ec11cfabc588dd4bff879ef38a
a8cc42fc422b6e63a170f7227006153ea8a0743d	b242f07d2b1c024418af196c1c728a63b4ea8e56
d257d363b616adfc2c1ed237cd4c7abc7bc08c87	573aaf661829b3db440ae68551f8a5cac959b938
e6b791087349b831481c8478a960000d7820fe86	1bcf7c9d8326605b4076c795941a2a9ce3f082c2
9409e7b4e91b8a83eb3bdbd81505d13e9e0414bb	879f5b4c1a212b1f5758dd8bf747305ed6e68aed
9c6d3934d0da6850110bd986c8b0cb71636b83c2	e6e90549fb49cf774c12a6f2d171998b136c9610
03e1e39b11012c5baf3ea77e43c1d44c3e36b78a	7bafa12246a32d5b94a584b88392cb00d472decf
d5d797bcb7e7a70153052c6415fd721eabd71cd3	3376a9944ec952b12b934afb8e0bb62d3d017a76
2819821d1b3d9965b40b6712b7fc65559d0edf61	876e7c56ad7588937a82ce9ea6631de495ed508a
a21950e1e2199e038fe147f13c7f7e378fff9466	a3c1006e86868f1b2b66a0e3447782df85e98415
7684e8be1407fefe557f2c4eb4a286c52996e5d9	6ff85d7bb7bcaeb5b66010a664ea7f64760d3d85
470986b6c7fef179dd07279ef8e73300561a71a4	5742784a1367881774e621d0d2b774411269d48d
933c223aafb9306232221e85e446f12eb40eec06	9b8f6ddf5e302d8c7dc057f051f8d614855845ed
4492730b6e07ef06c734d067caf9af1cb7e0ab98	59377b3f1bb7d06e508086a96d18989bb0d6fc45
17561c396d30819a0fe1200ca7d1f10da4ec0dc3	225ce3bcf133a93a37a3d96471784ae40c0e8eab
77fe24ea42a7538c4febc14fcd8d905802db5987	74ea61375e8853b3a5332b410a420017b9c3b4f9
8ea1a70b3ed5c38365ffd5669263767644b85879	3dc29b2159d6153d599fac06df2c617f09e99021
6aaa9c3d7c53fb219b06c31db3191d7189be14cf	df3420e989b538b6f5648f38aee2cbc5795a842f
b5e700d870612479bb8e0cac5f6ff93e8ebef259	a837c085ef26493ec83fb95a5f91623a4b197346
11848e7ba26dd7c099369ec15e7e3cf10ad77894	594d43dffaa9cf30be8dc2f2baa219dc51e19f30
6f771b1cfa02b7d2825657f91928c4dec053b49b	d0ed6d077c812f2384ce5245b14be716978e9588
9d70645218e565204da019cf1b4e809f74024d65	f3bfe48a1c5d1b5020a8c8c3bcca2edeb6adee17
96bc8bfcbc07d5cb9f6e994ef8174533a0dfcff0	8c71ee8bbff3c6c17093bc903ed89bc50f85c154
82e0c0ae76380f861298389462ace2edc03d24cb	709644511ebb78210736a73502df4bd46a89938a
1ca738c165850f9f9109e242e394704c9fd96856	486d0db8cb87ddb1de45ecdc511febecc657ecd5
430a87833c008ca5516980e4e6711ad48f3f89ad	bb1dc9a008562d06518f8819c6af73ad18882425
b819d27f7c47ed99a22c4836e75bfaef6e49eb3f	91cd8dbbee6a82debfd265cc4380688ac568e3ad
fbafa3c6827a008aaca7c3be09175b8f5caf674f	e32d36f05156f57202a50781c8e25a8b7784e18e
3c3ab9a3f881b118ab7aeeac9821142c822bea2d	a58d2df26a2584295b48949524b4cd561b1df2d6
01abb9450130108db2a1b45cd1de95a766335c05	709ccb4df03fc48a52e8d350bc2bc343d8b9e1d7
c5a31854005d7337b01d767f0c0513fb1613d844	3e4eac148c1bbd2df010cc84ebc6c03b01ac2161
3490a7fbc5a559b1aee64ee2d8947196337911ab	15867fa97840f79a2fda6f736c07d5a0cf4ead67
83a8918537f788067e991f2a2387d341a2420e56	58fe99f5f5cc59550a861c1cceac7949c9e9a21d
458266299597c86dfeb582c8b8545cd3aa3f87ad	09ce66bde7444a9d509dfa92e7889209aff49139
7a868f3af2fa96668939d90adf174af9bffc705e	0bb6e318cb486e133b29704b080347079c8ecba8
fa68ce99f80dbbf4c00276b0587ca1c0109cbd40	2ba75fe65ac10c5aca82f59a34cd0446b728bb68
e7c72767f9ce4900876cca307ddc5d4e643456fc	584b6eae60aee3307f4024cfd50a2ae51f67f4a4
64bacd02cdd35b169c4fbc11b7a0d99f98a80861	5345b51e5b65d61284381310c012bc8aa492403b
c009f2abc23a3b9ee3a197f74a6cff04dda62f1c	02de4b06d3ad6be3828459b3ca3e46f8ccff4acc
d9d9b1f679318192026d8518c4e5169599db944b	ad07db6e172d9a54d931a0080ae3007f53ce3acc
ae29fff6d4dac2b6cbc4b279b6536474259d6a52	18bbf37dd6308b1a7771f56d39cebe89c3b9d323
200230c49b42ff3a48047c3e30783872f0b543e0	f20a75c4e234bed0c7c9685a4a6b5a240cd5e286
274e1f0ea439a300c305c6e770c923b0817972d0	61e9d4c5ea067d7f4aa01e9b9b1d839d476aef99
9ac5f214adac604c8010a4c8f64795d6a09a2a00	6132b1aff8591e6147c6418b4ec06675a712a4f0
ec60bf656b13d1f12bab554b4de62d7263cd6a2b	8b8640f449c4d004a5771f86a0ca5593a22b547c
f4c477f0561e7c5347911e92be18130413fafc93	24187e986f862ce8dd2d8fa96086e80350c37cbe
d8bbeccaa03b1ae4e6856b2f10161d3f50c8414b	b020b3184cadec827b4faa123b0c37383d896db2
3374e9ec36f2c8665e2ee326e5e3c619e260fa96	ce1c3a4ed0263a9fb1b1af14dc29db3ced210013
35bb88436985397deed6c03bae12a7f18a2061ea	4989855b97a26e4cba3743dffc8ca63150ea3c70
2bc264d845d87f8edf406ea3e2b99962d611757b	be057928dd01a3898d67c7b28cdc7db79f804c59
a99526639993c2a55eb5166ef55754a6df754ef4	421efeb24f0e09855d56667bbba315eea5a140dc
334e5ab1cf1f31801e8a6510bbaa069ce7bc4d6d	ac215e384e661623975f6d5ddf0745e7647383de
733a6df81b56f80f3866a44ceae35142887b1862	55dcf8ecd0f4991350531ec9814b987587c9d337
8aa6fb0d71bcb9a603629e734db5dad607e32c91	af53ca3f61d28425b119c2d44324bbd3876fada1
593b53d22181bbc1829f6d9851fd60f6aacf1e8b	d3fb121fad6a0c5b042e2ac2992207645397b33a
944257920f06a8c572e6e3621fa9e245b90678e1	6e8c6f5a06d0f4a68a192cbbcac1586a40cf71df
5dad3febfa9611f25c634ea4993ddb89debf2658	f453e7e6373e4cf4f0499b1d74eaa9af2e685f04
a17c45020b8af8ef46b1526ff5e728a81631b310	6fd3ed38d7652d60efa62ba29b09783d80b25e7b
38f57b7e977c1771f1def7e094cb27db51d8eb87	618852c89e7d47c475170e84b50c5cb71c212f81
16d015b3e230bc7a73ee93889790641fb554610d	64dfe567ebd1c1075a9236a847b8ed631f8bbe95
c81186ab759b7de2d9297234b78ce8e2884efea4	db366337ce601342c831960d17d3b457378c7766
adb576d7cf1ad05b1b6075069f7159ec44e9ead0	40e5a3422e2897121b5186ed3d99cc5cda8d94be
df2f8719eb859ba2bdc348d2848c305cea42f7f3	852ac6e30c81c787c33f68b54908e43b038fe4b2
846a61c1a565032dcd4e403a0f44b68154ce7dd3	ab2592d69979a78d93c620521592362f71100b66
6817d03a956a184b88e396c49c53a64a71310c36	ba8598a17f7cce9bcff46a034fc3c45877a6db9c
54adc82fe2ba54729654faf5b80a4096c512245e	5a8a257a49d8019a9095d4c6f6dbf55cdfa5d697
cb28cc38e196f5db4148a05a8309a92556945fc7	314865c638a11988be905bc688ed9695402fdec4
4fb36493bc1da2f28baeee355ac8444051768eb6	1a286dc4ad170dbf7fbbc9ba20d874bdbf17d55e
56245ecd401fcaa2d99ef8111feef179c58b48f5	909d17a98187c59bd944115a2ed957658b78289c
455f834b91fb8782223fb980ceb039dff44f7cf5	35cec90e1e15be8604faeb788fc43059a6d2c81f
32493e70a319d55adf4d85ef0b3a92637d63b64a	137d43db9392970c1ee46bbfae1e7974d69ccd53
0d0cc5edf8cb1f4b19f014034c54248aadfe6036	98344fe2cc41aa4315efe19002af4349b7784103
dbddf6d03a6e416098bf929c31e787de4dd36d63	a08ef883ef992a258e195d90de996ac40140443f
784ae5eceab7980876703247cc9acaa007e1bbb1	ff0500cc348501e971147efeea8378fa29e91f33
168b31992f33bacf52568ab1b49fa45494101598	10565aa163eca4ac7775ccf126422ed9a9150163
4f87dbb0656fd59074fdc1898405142768f32f7c	390c2b695bb6d8d24d2891bcd46a17d31a96ea05
f46e0516f815854064c5e0be1bc81c583ede44c8	c963de11cb9203f05310b3cc49aa2aaba47108e5
4b40ff8eeeac4533e1b24810ca822cafb4171c94	b0f66f0070ee67f0e639f6bca14c213561557204
3aede19f9b3e96fb055dd14bc5d69d7f1e46a97b	6d986c858413b859c158e9f2576856749c6c7c0b
82954d4dfb4ddaa17315ab1a546c2dd7d315a71d	0cbcd5c1dbb94cee58b7d1bc8f26a51bb5107d58
0b2baa63551f2365ab559dfdcad1f9f5a82a1f2b	6f89e59e58db48f6c540f8844909d38713a05819
2a20203a8c7b2e13d4cd6eb4302f6d226969b2fa	f625549fe3d369dbe171f76b5793de752082a1c5
a6d417b541773b6be0a10b7b2e9b120af5bfad07	bcce8cef3b2fcab3876d5a2bbf1adfdffb33a239
6076f4f447789325fbbe05d8a12fd60804267f9d	14b7c73cd0f4fe572b6d60e37958c531eecf518d
5389f536f25b731e350f9e1f93be49e8f62d9a49	e5fb5f5c45dbca7b3155b28efb582c7701c2cff8
9d3b3d75c0ec0175400aefc07aaa4ae216637f51	f9f44fb0ca9183a4cfc55c7eb5c74ffc6bcd558d
4de5f07332e09a9b3385a59aca5b5c060a16b935	61c9df7cfbd11a6ba2a1c495136731070ae0090e
2506a47045cae03f92a4bee34dc3536193555db5	bf76c2b4cd933d7257742a13eb03e6c60bf57af3
cb0d2d9e3f58bad91309fb02d7a145ac80294b15	569a1802abcf9a3335a8dc727df4d83cc4d073ff
482ed1efdc19d781cb195b1ae6817d4220af405c	6437fd5db3d73f8e4c8eb7c7a51d941a0a0767d8
86ba12936876049e5f2064216365f63ee640001a	5d5c3af6350b0709bb7ea8a651a9ef5ae702e84e
adc69443547f41a5b3de28f93dc6b798f6d158c4	b773a7adc71aac54b4950a9974d72fa952d590e2
4abd8f6b4835162c42305c808f369dc9d25af664	044614ee95eaf156eb013a222aa71f0942bcb094
2ed1b0f483d6177f7c5a1f8a3dc2f5a7186a436d	1157dfcbfdd7bf83fcebf103171befe2aef16332
11111748f3381ca6ae10f3504d90c3aeaa46994d	18d1245005875b40bca5da24f0e9aa98e30dec3b
808df0fb67899a151c8c63ee5dd2fbb25690fbe3	87597c0a62a8eb7bdfa27294c92a0739d8d2f171
c0624f26067d4e002114e635f8506f57d1c129db	2f0dba77421893920cf6419b168a94e10f531758
89d3db33540335beb070c562516a6607ea69bf31	57af7e78ef84d3323a2c068da25fbdc7fcd32d9e
1403e8a38efa37b1d94027097a44bb09292c1012	16cd3f3c85119da50d2366cb689224ddc7ee727f
a7b8b43662bdc26db4d00a6c10d1065d21ad0660	45df0bde64f2714f89da06407aceba7bc8d0d5b3
a14afca52367b1596bde1c6948c4cfaefa7bf91d	7448ad48da6b4516a6642e4860317e9453d2e42e
237b979d089b949b52ea8052e219147ccd0a8308	349b8f02c99a6b4338167f4901c666bdaec84dfb
03ac845782615f005962c32546fe6538e844bcd8	379fc71c3c1cc1ce6735aee53ee26817214632e7
6e70bde2e0df6c3ed9094cf153662ecec10a4da8	aa0214107d94e6e7ca79b83d78ad309e219bbe41
929e311eaef8af8c84badef27b1f173d975b0aef	1ead98b2b59e9e770730d6cf4eed679bb01e2f7b
2affd9bccdeea31e337fb94daf1476d2b64a9503	8c4e22fcf6bc23382058ff660344c967519d6b66
99f946369f01170cccaa135bfbd93ff099b4c679	1e984194a48bc020ae97bafc03a10216ef016e4b
52710edb38a89694b1b8e9bf0aeb228019359427	1daec05456bb067591433841a9eb68c4b621c356
9b50dfb5bf949e0a500a92a75051282f065c982b	18bb2e21d7136407dc672f92f2cfcf4b97357b06
a7c665ed1dcf3d949a8e2e0cb548cae8c4b75425	02910f68d53e69de735a9e0bcdec4587904c5c9a
373d894c46401ffbad1955bcaa94fb392d1709e7	2b31eda296d33cfc924f06d1b2c94ca16ae4a627
6ebd8de799f7f751ca3c8372c36eb618cb4be532	ce159e451851935208bca54cad285d54a4b9e589
c2e9afc07d63b92d2d794229bd3bfa28c68bbdfe	bb44edef72aedd49e001cab2506a7b378591f65e
9eb0bba36e66d3d261c30eb58b72e27dbdbf97c1	4ef8a9aec2ea49de745924a11646e0e9af753a1e
b0dc09b3fe8582d13107b87d369d8b92f760d6a9	34acce13a019c2745b5c80888ace12ba4117a947
f0cc6a55857bbc7c73a0949fae02fa7a07ff0d1f	c132c4b2670bb63b08e9ff0a7fcd9924fc3c0a84
4271bc85cffcd3dd65503d2be154f1a7903d75c1	8652644611ed82d6374bad51d2845a95e0d44223
67cbce420b53397a2175e3259d4915c09eedba6b	05b33dd32fe1327556b802a4c8bdedde3127db52
898ef00249e05f1b13b547cd0efd77f3c7214500	d868b3f5b1243ac0d011c68381b39b696cac37e6
1dbfa891c65904da6c8cdf782fe181e216c5d1b9	aaa626a7c1b2f2491f25378db641e4377deb335a
c36b9cb2576d26152a4f02e78a902425b136eee5	a106a0b3f4da961c66522778bff4c4487d8b5fd5
20932727593f9fe0d411b9510c3d063e453685a6	4ff7ff3ca74b9c305950e6e75acb959407fca9d2
22a57b29d5a6b6529105a3ed0cbd47a0c2f902dd	79740606c03a31d3475e5af4baeb3058782a6469
949dffaf5b2502229a916536dccae1cee08deb3f	5e8896c598a7390ff048a8935d993f886f1ce0f5
1a67809e40988ccb97ab9005840367e168f68211	123280fd145af9eac2fefd017dec7569c8c8bf81
5e364297e860a0ff2c833760459563ce1838857e	302f678816f239c5440c5b5bb770466962d50423
9b802a4804420fdd9a8edfe19c2ce4b02aa8c067	ac94c93ded94a9414d07059b55729b3c0c6e1a4c
969b9526505f85a4ca7280652ccbe4df260ee309	bbcdc2a4fbcba8f410be865a0e9212b6ce8c3def
19e7905004edf46f4c48fc753df436197f533edf	b605aae27c37e009429229fdf4b5b22acec23d54
1fd6b2e03e5c39addf9d9230c3ffdbd01231ad87	c5ae96ec58d24a70b5c62b369532d0d9d151f4de
6571c70c3f6830a9c834469b4c3fe438bafa7ceb	bd5b0b18083d48d093649fedfc75e5211b4cff14
dcf7a5a0e1c3f22ed050cb5d1a4863dda388894c	944e68b00e282b19a0e331417b67161c89a5f19e
45e22f65e13ced607354264f760a96cce08c574f	8e7078e6d80537d25ffa32ab4a6584127f158a79
0d65a7caf03d874fc85353886a40a64f2153bd67	ff0235e82d4c1db47a41ab81b478807a3b34b8f3
c7084d67c77a24c30d9631b15855fbf1915190f7	3e82d99c41e260e673d0fc7261619777b3a4474d
e47c660d9478aa6f66ffcb3543327ca48087247e	4d5656b14ef3cd23bcd77cda5f9d01b0e294c5ec
9998887bba0564a203b6e4b54147a9c2a5971d2a	911254afb00f2e87f4510b85c1bc1ee01d2fb714
aeb5a7972fa884138b8888ef3c1b7d855d6f453e	5ef25ac0e8bbef3158cb0021a63c08f0b959ec8e
b185b7eb412ec7c08a9bb14f2a59337546015907	58d59afcef0b030d3d26f3dcb5685f3f5b8a40a5
fe4f85ce086029ff660e55a951fa4c676a09aa16	a8d77ad689d8fd6b499123056d6861d5494290b0
0bd32eec3c7292b3847139a854fd36fa5dcac566	a32b2cf958577b133ed34bea9b1e86dd69e4da33
02694bd39a73755d5a6ff31c1f85d1f7add580e8	bcb0b5fc9e4df32c53e791caac3edead0ebbb290
50dfb6e0b85779d6f89b99cd83857795d0a12f42	c2278ebac4b6ff97c2a66e950cf021fc8cc3ac28
e337f61f9863f5f89630df3f6dfbcd9b34d9b7ac	26aeae1c82501b4185b29642b31f4707c10a21cb
febef28380b6c225a6f9d38def157c1998f1d8d8	6c51d6fb57ed0c0b4edb7a9b5ff39467d7534cae
ddea33eaadbe314b01375f585f28c6b7c326e6c5	0993de0dd2a4a442d6b00fa2cabde1e863708a50
48971caa950010308adb79b204e1b944a68683c6	e0281be684b90736ee41484243c73dcb4370edc4
81804f1d93b46a2e4cd12edb7e980d3a72d7010c	60894bebe6a5fe70fd97c4a830f4059b04c3b338
33dde51837f747c06c50597144a0a05c25f8d401	cac5adb0a6bb1fb04f5bc71b7a5695b3f7502e1d
ffa2c6eb6767f682f77a62ffb5e958a7ea2968c8	63404529be6505bac25990ff698b1809f3c65adb
b83894162ac3db6369343a899dc4267db5c48665	f13ec97690d5d121d5b725c7099f68909e1dc2d2
cfbcff6909dd5091047396edb872cd6e575a0414	72769888347b8ec14fd6b8b40f5edaa65adbc73f
5cbd778fbf58e775676a94d44971ac68fbefb9eb	26addbd04c2d56449515d9996ac1b31872394fb5
89bb007708aee29b06d9f8f7262a341f4888b715	b1bb20aeaba400fe45dcc548473bbf06d7efa145
ccac3292d3993084d093bb5251d1ffa47e10443e	6f60f98abc3bd47172d0fffee5c77bc60a36f18d
0879de2938f45a4f5114c2b64b34b5dfe3b5d631	36c79c021862f6b4037f34230407869cf9dc0b8e
316f7a46abd5291fe18b3fed7f442aa99a5a47cf	d8341af35c5cf833f1b8a94ec99367970df15460
e40e676d1472028c861e2900e5cf80438a88f483	d55ffc31e2d105e5407bab4a17651f78dc5fb202
0ebbbb2d710a1f37c884404d6c39a509e6ee1691	8e7870c5a87d63464d98971c6c3a7e6664309ef2
fc4001a96fd909274ffcac393f7aa133ab1ccd7f	eea063f9cff5afd43598f4e2bfc158395b23c92b
44fa4a1badbe3ffa76df3decf0be97681dcff908	3da09666b6f484abe42899bf5a4667407b038355
e753802c1840ba4940da041c1e45e3aa193d7ac1	168892c24b0373852809fe7e7ed09404ac64ae65
514424dd170923debee96f90677ef926b7c251cc	49a37ca9bfb10217585271d51def6e1deae17804
a2283dfcc70a320b4cabded81c0b2b6e92d4bfc7	68c150f8d4f8684e7937ec43b0c6402b68b2fac6
7b75cf5a9fb0f645254b2df8f441aba22057cb4d	49565b4d4fcb1ee1745708f7e75ab9d6748c8e7a
be248b221728480923e3ee22cfe97efea980fab1	91bfd7bc73615e742d1b0d7ac3fb82477ba954e4
dd4c4846b1ec9a45e4457d561dde78a33107433e	2755d36af2bde6d35e41ce21e229eb89733b101f
f3483c5f8b2490683d9517a11392aa284128ad57	b74dd1ce8aeb904f5e7e4cafe5963e6478ec0240
228a689f1c4830956d64b0f2b8a91708107762a6	3260585593dabbe9c4695ccdd35513889cbf05c9
7d742a9e55985645cc29df12ecffdab0477194f7	c0e98fc11f59aa148aada35a559a692ac2306297
7dc7a0fee3b2d7aff02ad997c428cef911d22d26	00bfc2606a2ee1cd803b366413526793f00343f4
1792ac4d412f9762c76234bdb36792c0981c78af	90c1c3541564c7977102c966f58aa77a8c958e9c
50a36949d1b301b25dcba2f2312ddfd414aa879c	dfa6e9bcd312020c0f38214f5ef7e2750a7b2b61
d1914f184d4ffec10948d3d575ade47e85fc542c	aa52eb6c485b07c324610f6527e3ca2d46da3eac
7ffb7f935b0e900e870b55be67f145d14bf59344	71b68bef2f139518c39cf4c961f40d7903115a15
918334ef2425fcedfee53052d4f24cfce849627c	4b0b91c57fbf7d438ee5e5eeb236d5ef67f1a070
581abb0dd2ec5ef001d1722f4a4c67ff2c522272	1c3273d0127024c1c901db82596cbc0f2b2dd35c
20797c5d5e1be6f6c56f96d627f4ae0b41df1117	c4ad6bcdc020129ef6b2ed9f6f15cca648cfd6f9
04ebab53d4ee569e990eb5d07c384e2b63b54018	9cb8d49594ae807d145fe3805bb5fb221fc1435f
9f227b4b0dac3d72639b6a3f04afb362c8876855	8d05e7be28ad3b0f84528c140417ca13756cd127
e444fdd73002393afcd84ade3df2b53236c9ccd1	0beaf5e15fa76eef91db00dfd29df69544558cd7
4be5621930ad73c60ec9bdeabbf18d8b331378f4	269e9583364211fd7a41541b5fc2af89c476c865
8ee38b4f5c186390fbb9163d67a1142794b4b555	a17925cfd12f7454dca63be917d636e2a84f0409
4598c836062d28034e5c074a9f50bd623cbfd243	db64b99aafb1b729c548dfac88f7b0ecf6f09564
c1c9858243d4761b24a9887d033966be66f6ceed	8db7cdb8b10d259f540bf5e2c3e158f3459aba55
f2d4eed05f2b15784888ff44d46cccfff1f4fa3f	c6d9f82f65a44973b707e5fde15750d17f6cebad
f247b4c2450254a94b06202e63c3d65c520f1b90	ba6c4a6e66d7ff807a3fd789b3dbf48de3711210
ca454bbb7d212520508b3c9b176872695b02aba7	b7b900a733c140261d6faeab0bca856ce5027d36
fabfbf5c6c0e0dd947895d36ef3df393fb3de5ad	37b0b3d6759509d021bf23ed53d95a68fbdf9857
2e751b9d4e1b5724fe81d0861b3465ddc7f05147	f9e1370e2fdb369fbe7f6800510313f2ad80245e
1f16095c3ca9030c416c02d2821f9276e407345a	3fad4c56d97dc7e19cb9017a31dc2a2b46bf758f
22429e75bfe9a292fa181ec1dbd8843df11407a9	5a0793db4155f01e7945fd58540444bbd8bdec97
c1245fdf0813d22c2a2ab4111673fd49dcfa207e	cc718f4fdf960343f2fe54fc046177ea678160d9
3378b4e71893e30944bba777afc94186bc2c99b0	687c4d9a2bc1dbb046b2b2754394a63510c69d70
d2a85c8135d42a71ab25b849bb490962c2c81619	d010049aad7b616912d7c868c0f07a4f841bb56c
4d53b59061c5340b2470887a660ee161ef453c10	1493fc27489fecc068cf33142e0c5be0b2f3f0d0
cdb9e3dfedca553b627207e841fa570aed886783	fa707c361fa320f4f0102e3a8141de7c2c6df2ce
08d43d9b61379f9f185538c96dae49e161b6e10e	6b02216f59decbe06bf8a6e85c6cc2d6127da78a
19f2bde4206a5e8496d2760dc823d46ac30fbcd3	3f8b368c666ae63f19bea1d56d73c9ca25018811
3acef1fca4b59be5c8f75fa9415784bae41584c5	e18313dadabba9656bbbed902374b6412197c24a
29f5b363b2a163100b770d0b5b2593e4cd63a0c7	909c41af427ae104b8ec13b59843648067e86c60
59f8f9bcb767c7b8e5bd11a8cdecd05c1baad88b	b7bd886db6f4ba95e718a623386025bc772f4833
c3d3e4611c2eb2b2aa9a1f29b3421cc14c84f36e	eda76c16f10ce5a3947ea5d415c7e6d4f7f132a2
71f7b9f96a254e5daf0f8131ce04da9a76bd40e8	a9a81748d273c4c3f81c242f34ed12cdafc5a1e6
de945a9a383e644e56a5310ee2315967be0e7035	c2d52b69f0a902879844d16f6ce4835d6934cb34
dcfb045700dc4ca665371fa4d1108d8281cab0e9	716b229135b5c5f604d6b4b86fb1c25df7c03844
1c506fb3ff07aaa0d761eb8c84060423fa4198e6	2ebac1c3ebde7ca9a1d523f30ed75968041f57aa
185a96b43fa93b3cf3ec10270b4d0f38f9ae3a60	3a8edce027418d71e4af3f082f6deaa10ffae3b7
eb7454d01e7824aab8d4bf9f8b0f5bdf06030c33	8e7b5da75e74f845db8d8cb0707462122dfdce91
ac93b04f3b8aa187dd4ac05349d20aa397b07f2b	8f4d6b6781b6e14951067f70bb74db4ec49cb3e7
1e003f6f933a104132a59eab6fb99a939597ed48	eb9adeed834ceb4eed258075108045abecbc0b8e
97bf7d72aa9e07cb169f6f93a1b945eebb111f6d	7e6edddccf20ade93e51c4ad1f266e5f722b4687
89c11bd72e2355f5bd87b1e783eea4cbaa3d6eba	514b9b7836fd4e619cc474cdba2ff0aee31ed8d9
6c5b802b580933b861a73a5aca385d94637bfd2b	f4333b91c27fa85bf977eb215735fc360296a6a0
93b277e1cf6629e847b1d424e99acdb1a5365339	ccdf02f6b05481fdb9f5f841486d49971c4726f4
449db3ae1735f96671dd9189a61a8942f7632fef	83aa303de87718247cac1f025a0562d5f4933af2
9758748e5cfc1f81a2d24992a3ad6edd77f6ccf6	9b98629a46e7143cc2e4942805a68a1ad848dd41
b4f582758f1581a3a5201de342ccf38620accf50	1f128491eb0754ca6783a0705e1e50d8e0b19108
4d8f52c2259b04bea8d3fb3a98ed26f5267a3e8a	b9c707710f9d898a6d85732a367ebcee4700f9f3
3ab84542c7ec9f5658fc1d958733db8baab1f865	673d2b9bc1943da0282359c4db20c3cbfc76a708
8a0935f160cb12ab52304205a92b6b942a735bab	3e9647160e87e492feabc1541a9d5f1edf01f444
5627efc3ad580572ec1cf3cc137d628e3b455ee8	2e69e0fdbfad52d05f65c58e6bbe443b063d0aa0
4d8f56debe9e633753520fb094b05d0431b6d2b2	363644a7536787bfb2fe4996d15a4f89a13ea0b4
ea98b8c1d9b7c7aee10af586df823815e52653d1	4d8e7c0e3a3156330e5aeeafd4a7907dc35020a1
f0e79835e0370530fbf4e12591893120c163a179	25973c2758ff8769f1e61c62ca5d27389bb11f1b
cf529bd1278d263e1b251d3f18d1fd88e0e6baad	3100735217d411a66f55b255866c95567a3ab53e
2fef47ac851d3479dcc6a1f609577bc2514c1962	3766a13e444e70ab825c270d9fde1d3a86961612
c01fc51b0a5a9ae3d81891676cad3b0243d9768c	70ab2c3c3e9deb8d59111bbae8313148ab29cb5a
79e00366f19b4155e11035a70b2261c06b435eb8	6592d95a14778fe0920712e9f780a2b6c983edc3
b16b06255e175337617361cc3d232baefd4740e0	00a551d99dd4fde04c01f64194e59b0a24f53b99
0b344f2b268712f949f8872084a296d145193e12	d65c52cab0c0bd3fab17c2d2b90643898114f8fc
503f8a2dd9a4d387a8b6e83e39d3242becb498af	34a31f7cc8cc30e3c994e568c629c7cac374a289
330862b85e09c3be18352d8539eaef7cd7f5e63b	e7e2aaf88e82499b529b388c2aba3c1352619aea
292d36613cad2225350cc7d91149fa8ac485e45a	594fa0affed8b904a8076b839c6409747370f0ed
f0b76c1fc55ab813694e87be82dcccc332ce0ab8	fa5fa2d566ca10e2552751e864b630ad34fea770
f4753704f37a9584af47f5386f0be8e010ae777a	18da4af948ac2cdf691c892e6a6857173b1d67b1
09ca4be5aadf30679f03c3148650316216850a19	892da44587c115eeb246794a1c0434b86deebb19
cb328c4c5262bc50f273ef428df4f1c2d2a858e1	57b68665e60fe2f2d33df62e489c091583da4560
2d2385a914f9904bde7501d65be04072a6cc5216	e03d5ba23d397550b2769bc486177535ff1d6a05
616a6eb4db3ee595209e377baf355dd98201a648	7ca2a7110ecb40a304b86c45b48c7731f22841ea
11c2120df99265484f9062a068bd3a6415f94726	d3bac4e85c432de94d7ade8f09c182c556fcead1
b4b63a7012fd6431fc32c09a5111674274dd4582	04bdd0719a1c6bcb302cd350be78a28b864bea0a
d36657ad9575999b8bd2582b04ba28f7eac31687	95a3a463ecf0141f72628f4eb5bc7f7036cca751
bd1f64e8e6c8eae1086a2dd80c515596a69ee868	87cd514b5d93f69d83e9ff092c9c624aafb66ab2
be06d56e7db1374e28a110c391381facff20caa6	fc5e90e14fa1361e69284404a7d687d6366b7365
4065f15d007b54ed59c44452a908da52e5c15390	8e0c18428c5451a51d285c39e90787ec25d218be
73d00c39ff1e6244226d49ee1c8339429604f85e	09dc41985de87b70bc718e961d199a0a6919f472
2d69745b41532ffbe22e87222aa1a78dd29387ec	8825aece2cd506b9dee3d96996b68b1349bd7bcd
a7d95830aed566876782cf3a3bb43ad8d057a106	1c3031deebc3de0beb803d1bf2a46dbed02d4807
592faf659a25a41868e10200260501f0fe597fcf	da1e3d7bf8e64acd73fb987813472a93d3729e90
f7cb709eae5187423a8c076cde2fd024def7a052	81e2f2092541cb0875f219faa9d74fd1766dae8b
c58b44eeb844d0b5de61e83f88f170ee90c745e6	99483b31c323f1b01f272f0c1c340078666ddd27
9618bb7ac8efdcf7df60ac810f2951b3f17d4630	dbafbb0512cc689d6b487641ecd03def1ad984a0
03f032b604cb599c774a7bdb05987a00554266ab	35e7b1bd291dc6143d50d823b1991fc65c04c9e2
c6fea8ab257d5bf36cfb32b962a04af4be2406dd	558f2bffb5e416fd3fd63d472ef80839daf138b5
0d92cb5b1302ee1986e5b8da191b1d825ef1a251	ae501bf04e6aa769b60775b3e7ccc73137584689
fe242d90754e3415a0eb553636877ab108ec7b1a	63a57470946f3ff7f09ae413438501c041856939
94568f245f7830dec3b3bd72af07d3b7dbe9a52a	0c6f6d39ebad0f6698a8688c62678cdd644a37d5
db90516b5829a424eeb28f3c5eca7ca691d33e95	8baf5232dd20297bba67d6ddc4814b240e6c643a
9ac4e40b9ddaa9eec53ad1f6625f9e6fe50399c2	5945d0dd214bdbdeeb8423df0a04ebf5c081570d
c824dd04a6dc005904c1f945980f93e73da2e219	6ac7bb9bb45db45632cedef75e3f50ac252756be
8b886d41623da61eee862784d5c57f154add76ea	829b9cfb86c6fd52f81ccc23bd6aa001629fa49a
dd0213a330f1545f77aab5b493d3959ce9539943	3de6002ff2f1ebdb0cd065c49970d234882afaf3
2975425afbdc02bff4dd6999b3b76c446f1b5b80	a626b001f9ba2353266d5214a80628582835ef51
ca0cd7582b062490a4ab2007610f8f3f4b0ac221	130fe210eddac1341a780f1ba98bcf78fa8768ef
2b2c797221e9b79147e97d608dd2a7c405028408	12e0e0c5e61708c40fd81b29f04567f847d78745
5df06ae3fcfbe55ade81b26b798e4b78f262b714	a85ba24a329317d8e096c43e96d2adc96d7c0c37
240391fbe7f8d11a09431ec2c10b7adcb631f634	421f523b7e0ab130a3bb42f22c6bd207baf289e7
49e7ca7a3ad02fabdfadcb6a938bb1af4a79aaed	4de5807db4928fea09d1c6965611e7a1481fd518
b53913dd7b3c24857dad22983613b3f059fd10a7	74c3b209a2a8886361ae4670c0ceebb34e42f213
e06b6600e02221bf1ae4f14ce3ecb21bbc4011f4	b2a7ac9e9dc0a9303ac9f635618b2b0be755ee08
08e23dea535bfdacd1efaba4b0e36f79320807b1	5f041365e608c81ea2c954ad043556660dc587e6
af0f127d4642c6f91cf29e678541f3392bf06584	21e4fdf81f0056a622cb8ba2a4c9a116df634a5f
3402bec9ac542f811913ed416c113eaa8d8414bb	90e37c9c59a1fa966f9be3d574c7593364c336c2
0a30147bf8794ee74d40d454bade19db9cf76b38	e8ceacbd89194fd4f240aef093d3d4ec90340381
c8b1a9771d36a1bdb4fcb2532b3863e1c6da64bb	93c3436afbc8767ea9dd0ddb92fc5f0d4b901644
afe773f60e3d32de0b210501bf9652e8a3ce0cd2	f188d37c4f9eef42af34ad24489d59dfc0376463
c0b24bdd365124326be2e0dad0272f2152810c86	c14c4bf5e14739d05894b4fc1f4bf2f6e30c906e
acf7c11312e071b05a2acc98243768722c87f9bb	33ba5371e644e20ab6961b8405316954b28a768d
0fcf38129b12928b9c6a4c90483c131ad2ddeb73	4aea800219616e172efe355014cf9623c72d478c
07ccef547dc498a9a37d8c122f861f49d72814ab	c5c5ec8db3d5e0f846ade77122bfadd80b37a39f
404fc4c6f4e27e905c2039fe40526244999353a7	ecf3a18f2057e8950446f8a642661e00928f36c5
df0ef3c044a9f7fb7191566b123313153b1d57f8	d5acc1787527a60d1143f60086375fbe31b2ad5e
1d2a745604785faa8f086ff7c07cba52431cb08c	9524f2a0cc5456c2b0913e539841a0ca6e87b263
ba9542d395685757cd4e7e01db29bc4197bd1eb7	8b456ee6f830fa9546427df0d76f356c18144213
900b1b6807207159b8f8ff7376d8bdeb52c1acdf	8fefad301024c6b5b1fb1f2b2f1223c0b77af380
0beb9f66d7379622d8f50cce730942add8ded654	44bcd7d0d051edc2e006b29605ce7ba60c46e1f3
8912e7e7fa019e612c2f216d73a952f88d1dfa35	66b17a8d413ae2b771b52d8e51891177997dbcec
8cab3d28e8cc7cfe32cf350a505e17663840bd54	efd19690172dc050b3ecf25ee170ef68cfc70fa2
91c95c2415041b46f2e49e154f5beaff3aefb1d5	69dc08246fcd67848bc397e7c9830d51e42fc8b0
c9877c6c8016da51d0702c6402ae743262a283c0	65e9247bdd96e11fa3cce330159219892529f711
f9b6e63d31a5f1fa5d850e88e97311db67acbd13	d1cb15c459a23b2044fd441328c3d7f4f3d8bbdd
4e46fc3e3b118c763b6bd275c00b8e8ced5c138e	6f5b275bda4cde3e3f7579c159a0c4e376a06f1d
8cda8dd57ede01ae0c9f4e47f1280ef4944082c0	f19c9910a89b70961e1e2dce2800ed67d89f8c95
5b648a2d266d18e6b05eecb5ecd1c893b12c4ae9	934b03ac9042ffd1b5a4bac990cb944ed5a181c3
a8e4974adc7c99c6ff78a907b29b00d029e525fe	360a39891a4152a561659231de58f9039deca281
d3263c8a32f07bc2d06970cb617bae9a4cf9f660	21503b02877aed5e7c9ea435ae33a61d5af7709a
588ba3c7a781a8f2e0c971bbdb0827441bdf1403	3e05ff1978a5eeba6be587a85db0f6515291ece0
444d203464cc6ec555c635fdbb6488f730f8d676	8d756b0103331c0a1fcab8a77e88a9b4395d3dde
dc1be3ee9c081d26efc05dd2632e77ef303fd4fe	2e96ade1d35db865a1468a3f219befe6f4b6546f
a807fe08657706ef9ca2821c67053e9b64a0005d	b2767ed37d244838257f9070a1ade8db03c491cc
18311b5effb24f6fad69f16d9a197e9079d7f934	a9238b68af51aa78eae5dc1eb21422bab165240b
1084ae30647b847fa9cd9502d13967e336f269e0	8cc1a8c9f3292f2f07e15cea29d9c0542cec0753
087673a6d86b1f9d9526386c06626151b03fd6b3	397cf1af1d005668ba2643f5bde5b4f5b4d8e77c
128c88fd355b36c99ccf6cfa60b4cc7cd155cd08	1860976494170a83ac553883bad67743ca0def3b
bb06f4168551ca938a1c91d9ebd0da70629f9297	d3da6b5f78ac0c2be702739df0832e10178cba0b
2cc788ef868fb4575edd97ff0a39b8508c63fe79	10a5e4cb2636184a6dd5eaaf03ee680eb392b625
efc41c61e4b1d0d8c2c633eafd742e9245f68b5a	8199996f725eab35e7ffdd1f537dd813454cccda
9e69657caa80b597de81d5e672ba6322547594d1	21cc41e0145f7763ae35ce47919ae2f0926e69a8
39e5c1770cfb61ac05be3395186536d25b634e25	72c370b1d6c9cbeb67062fc1c6affd195fac6f3c
a60f95b31a5959b95c53531555b939102c52ccf8	7fe2751aee9b04f36f1839613e273fbd815869aa
e7f29482751c068334e6132ca703960a1305182d	3b3b9a34767f15e96bbde5651a138f2b51634880
8a2582778e09606d91a33a301f1c0f22cb464e9b	59cc89627ee9e8ba46628a0e384563a9cd9cc89b
47d99bf9c10b5264117689d2d44e305e70a14951	38bd52c88aa4952fd797d3e5b749c5d6d822cda6
50cd35b333512526a3af91f908e03043d1a21723	fc7a61e3b958cba5c001094f0b5f9a74a64009a7
015b2c4e1735643dc0c1e1e53945b9cfd25944a3	0781b409ce6115cf87dde884d1c62640d342f2ae
c08e333a2c17aba22a9240073a498239343d07d8	30582e02d110b4a53849efeb5ba0a0244732c7d0
bbf1244dba8e7b2feadc11e55eff25aa8a173a61	a0a0fd595ed0dc6936a891290dab5cc44695aca2
15f903fb5e990198ba953f1990ee0432481178d3	fd62e7844fa18d0328a5d9ab4d945e420f822413
7bedaf3937d4df0364ef27277a92e7b2eaaa6c7d	b9d04cab6101d5dca66823064eb5b0673f72b327
cfb786e54766b928610792678944424756884034	bd84007c3c3f473dad42782e87795b7662670ea2
b248b5d6e3a1b1045aed906035ac370118106c09	2f046ab9f6bc29ba9ccb5f170f4a3cc0d99ae62a
a03d671009f7a072d1fa01b3fb324e2a317c8768	db97f2c9835ce974e52cccca2b71c8dbce540d2b
f8d5335b02ced984bb9e904dd443bb4cadbe6c6f	501bb52f7fa2878038bd7159f3634301fe67cb7a
6fcfa91425cbaf71bec661371883be51fe7ce1ed	168630d146801d3d4169b75eae62802331eeec65
1895d5f9ad3696e8da10cb4f6d651b0570d48648	24f922331c7d2e42229ade45414b6b80cefde907
2a0aef929147e09072cc03a994d489e560620284	1ece1bd8f9bf1f4446c6a220ac1659d5a4d84169
2a3707d20a0dcfc357d104c7049f43ee3fe64458	c197f6d6175b1cb8026c2709b23f27f01d1ac36a
48a0c0b867cb4a681ad40569828f358d7662ed62	61c30cca9542009fc63dedada1d34b0d8e1e0f17
48c7b13a7342872cf222d00e440b96a7c51fd19a	5a8c5da93e6bee5aa3ef8667e113d616cc54e0f4
4b62213f83b9ab6dc5e48591bb278d9d02d1f3fe	fa1d29168c5cb7e16c81cbb9ebd4373102a12fe8
8c2b34eaebcad4cb8df6b0f93c81010cee176144	de123fa1dbe8ba23157267b767506572085688e4
30d548b7a376d56852ea23c45980417900154196	b10a82344b16b7b2dc2450bc38ad3ba7ede9aea3
5c804253dfaa823dbb99e7b86b074866c323c373	dec35002a378d21dc6646931a7104f6aa8f215f0
8af24fd6f6c4dacd317aa8a18206e196062fbf82	5261c1378a43f176202e4e10d85707a5a53109f1
ba1fb42d4f8bacda52a859dc4c26f00fc9e2105c	f9c2435187aebd1f3cc0d412afc1914930a892ae
6aaf28a2d4971f17351974d05e5ca4db277f47e7	0fedc18e79fb9b6cf62eb672e1683a8a16214cad
91e5f73bb4e51728a55ded5ea271a3606dfa613a	2e4e84fbd0591d88e699c61f57c40fcdb175b01d
2f15910761e237e04902883d77cab762f45db8b2	552ffabd30ad2caa4a10b10a5044e03cd7d59d99
b4466e36e4bf25de18a5c791895942fb50777dea	7df0ed7fb8475432dfe62d28308d1f3bd95da14d
cbd1988ec7fbf1be19b6b87da2d876d2e775bdc5	692898a93d74146da925703d8c20935c18b2db33
011e6cbab3d0954d5acd6516e5ec02559ac3b244	b4f67b04865260220a280a5adc1685f7612832cd
54d6babad20ca64e0de0e8299ce65fb23deab54f	8a31b9b57d457fa5211ca5aabdc873e26246cf7e
f54e1fa70a93a4686fa97a971a25e8d27b43d670	2df58758235fc1059b1635576105a5a604d51452
d7cfd6de2564a94043d56531aaabff4cafe86a8b	7ad0c8010b69b3306b1766d277d4cfefbc8745c1
c0287f69adcdad7518794d697e383a6e7a2a4329	0ea548a427e9f98c5a00a1d750d66ff2f679c7f7
5652cfbb9587c0bc43cfbb199fe676f1b16dea47	69bbf669d6659e453c68b936873134bd9b16dabb
23976058e1c4ed8bb691bb3bb11181592174ba96	75eaf3ec6209401e4906a7c988fffb83682c0834
28ba4cf8b4195bfa50768fd0ba300da9e0dffd4b	cb96a39b0b5c8e684ed3fa2ffa54cae5d8804aaf
64bdae4cca52188784d86574d2b052139a2866e6	87332301121cc16cf3ab4941ae8c3b7855054196
d9fdf50aacc48a4bbfd179d350fde720ff802b8d	b49029e1214f7e1412031b57a783f0221af6dd28
8e5450ea24949d0e716c92c51d9bc0777e192e50	215d5375ff277e92494df8008c19d44f43ee7c36
32bbc6dd41e75475a009410dda320d536394e9e8	e124a79d23d6a2791c9a6fef8a87a4313f200cc8
c120d55bb2d8e7de67f02f4411e9dc8c426bea52	7358148e323c717e53c0ec72d42f2648ec72750b
046b497e15895d20e526874ececd56213caa70ca	740a546e8b35310b6c9d8de565d8e041d06123a1
c10a96d56ff8b5e0a30cf56a6e48509e393dd8e8	c0c9a52d631ce191cbb5bebd12a97f4e481a6fb0
11b4cfd8dbd701fa414b5a50be17fd5ab63536b4	a6dccceca74679d7adbbff46b699fc8979637a70
067767478287fd72119a892eb1adfd375b2c046a	43e63d225f646636973a763950a22851df192869
274cd683571f01b04e68b967bdf6a219d7809df6	dc1a2bb8c8a896b51bb5da1e4de19657ac0258a4
4056634173d58c84ad547813d2eb07da8044c41c	a95b8ad1b4bcd3d957641ece274fbb52381f44f1
9b8cc7ea59eca9d8bd79e8b0177bcf8020936ed9	a4652a964b5e84e9e836311ad4c217a4c44aeef0
7012b583dd70c1472e688b1f3d3a3bff02481f53	ddd030f6a6bdf4762fa6d08f305a26ea22190b77
9505cd897c3331f078669e83c8d0cc2abb98d6f4	c38a3a2b33cf280667a83b3c776b5ace96508dce
ddb90e1d5f49ca2709a38d236ea3fd6eb5671008	1f4d2f6edca3aade2d2850ca9e8f97e48aed460a
49cc9042ecc2d51d47a376747274d1b261f15917	598734a96ded51f3b550124c6de3181c0a167339
0bdf2d62788d64ee2fa38335eddc27d2745669c4	eff1517567b9742e362aa33af7f0a10e437db32f
c6182ece29b4d7fec59aac1f69bfe91cb1601f17	7ab10c22d5c7e32646bcd54ed80576146bc4e9d4
87c556f0512a2c14dcae28d360090b51a6301402	622e7fa4b2ee439c4a64a4100ee18e97294634c0
140f35896cb8eb92822b484c4584ab276602b0a1	aa97cdfad118d980288c370cd94d4d74255cac84
bf4075f6e19cc24a567e84756ccabde0c422f0ae	c5617fb01c92f1c48aa1c06a88c014d8ceba2fc7
e7c6e8005cda4c11357eb159be0f7c9f4dcb745d	8e474943eff6a87d5f3cbcfb62e979294ceceae0
6e50f4e08d70c048a7fd9273413bb0de9feb3e00	f0d8b05989e4ea93b1879652b076144f12e9e00e
768074bc12317b2ef8bb33db3e7ba1e88e57d106	4a887d32657acc48d52255142ad48065bd7275ae
e2172a49b714843ac9749b08b0f1af54dab57403	cffab2edc960f7ec33f255b917de66ce321e3539
901b1040ebf7a699692f5e6d765ddcc3c70ee6bb	1e65a51fabed30fc76a65bd618145831fc8b4dc2
6ec035b5e9fe737009e62245568d599834224684	707d398ed75c847e5d48468818589a7c2814cf85
a9b20a5944b5e98752679ab77162e936558e336e	a15cdb7294ccd2deb21a8573cdabd5e602fc06b3
f3095b0b1ca1e8c4dfe46d8c82d966f463c66801	e8eb7afbbfef3c20c53c5cdd04f18e4fac665e13
863ae90e4a3275ca0efd837d25402756cb73bb80	c4dae2ffed7ec731d8d40b307e220f9ea6460a29
3f089e0c553b2d36860514e183054d74dd7d0908	810d256e5a5ee8306fe941d5a35057dcb35b5fef
bddbacd1ba2b13d42aa44e974b25cc8fe5183d69	f87669e72fed696433fa7a3a16511f84883118a4
83470ece93dfd6f0e7f7a94bfdf6aadb78c30622	9fcaedf04d4def63071e9a244de3c0597b4774ff
3fb7f5daa66db09700f9c895b2fe33fffacb598c	f1475b9ff1a11cadcd937cafba23f5885e3e9ce6
9d6b733ccc41c50146b71b29474dab1a928f8995	f1b320108aba330232c527e4e7b6362154b44c6d
96fb2b6e83fb7e52a71fe17c9d084f979aacda2b	e0d94bb1b16e389bac262340213c0f5764ead821
6d29a30e089be607f2b79e770a58ee7d7e64afdd	40a599de195cd025aa40716845aa67b9661a33be
41986711305f0a91645192549f4441000fdde75f	e908b3d9b0138dd94e9e21cdd6d6c44505c42fdc
4258ac67343f8adefa1040e02107e4ee2c0ee87b	e5abc8bf5082a07cd00e96d73d2661a5839c89a8
520fe4a8f7931c764bf0d9b40827be2dc1200b2b	ab89158990b364d2efb44a66881ae34f3d61fde1
f529b162f9015ad1c5d41ed7a7f691417f996d9d	8908095710d5aa691bf669e2cf5fea2afb68f638
7f4f39fc992985e17452fe5a4ac4a65844b0023b	d00b6806be56a4942d8bea186cf8301bebdada65
5682f2a9e1becf681e119f4c3d1844869e5d9567	2eddc5b5ac36e12dafc10146d6464a984d5733b7
d66040330a8de896a6028b54a20e097bc2aeb197	39a6bf90f1a99be00667e65ae8fe12e7117496ce
c80249ad14c509d6518da8f37dd7cb9c0b2ff896	41e9edf4e76e95abc19de0bc2c0a4e89c09dd672
e23dd617af691e4afdac2bb48ccce0ee209a15d3	e9e601b0ec4b98623d10702bf4d0504cd2b4239a
c493d680ab656ef9d147c69845468f53516add2f	7616c9ed0fb730eaa0c507a705138e3ea47cf19e
03e1fa75a32004fd9155480b28dd1767434c9fe3	6eb2c485772726ea6706115f5692e38ce384bb8b
2298b8131277683c673a6547de90866190271b96	c738d0f8a63f031290279fbb3b4b23e449bbcff8
b1c411ced2dbd747258062753dd1be1eb7b263f8	f5366be3e839418c38863532a99058062d63ed06
1f30d5a50d353ea05472012520d7056f9123b550	5f4c45a2b71fcdeed834f148e5a5de722129d1e1
fe78eee79b1b2a530c42224276a4578e97bf1d7a	3c45506ca37e061953bb390f02cf746370660840
ee60f2c0065f7081d9b00e874712c6643baf1a2b	90926526bd5ab8b37d92d8bdc186e9bd150a544e
29f7a0bd09cd5b54515b1d3409e5b8954f481f12	2ccaec31d464bc98174ac5331790b8687c82955a
33a31f41aa3962fdab9917e9e2101c39f35fba77	e6da2e4ffbf75c19d83d753aa9532ae6ac306ef1
21c5cf57357c8de54d7cb876129f7574e08dc383	7a705bdd959d1dbcd12e5d1150815fd49bc3942e
c12c1fc6f112ee23bb12cb35838ca0fdd8c2ab73	6b0827c14a22e658de43c77e2bf57c49736e5762
6d0ef06ef5193724af5ba6e024fd48ecac1f2cf5	9a22485329a412a62f2651b1ca026e64f88fc5d4
59b6988f4b0d9265c3f403134f232ab06d4215f2	d4dc7aa5ab29bacd5ef3e5a8c6e768ce61fce124
b851a0a8316c938f9e17f51ee29c5ba9f589d19f	64a7f681c2a9de090eba2b98131098cf045d1ba4
a24b444ec49ff242307581626363fca8745db43e	99666b425898713d0b66281f30f729a0c4caf8c8
2f4c96874313da08f565e913576ad0277ad62bf2	8c65169ee662559b08b276d401927987b6c6419b
4591e9b14c4cd410229588c21f93de375e448593	84d75863413a5588c56d4fb19e92155c5d303810
a5712e0111bb72b90bee8f7cbf6e1ee9a5fc93ee	5e19c761400ae6f44ccda9cdaa51f2078bb54e5c
98a20dfbd45224d8ed59b2d69c29262f4cd42c32	6ddfe2e64e8b464f6947abb540cb2b728b4953af
68373bf9c198dfc67904d7f09db040e493bad11e	0380b6bc2809ffccfde04b7604436563a280e861
7fe3ac31f4a498d4c18f3c50d2a899651517c3a1	6e530da4d006ae8b20189dd655a562340e6419aa
b07a8bad9591c618bb57bbbc0e93d8088e4b380f	98725f1d12fc55b924bb311336e8323c37f4fe88
38c6019284b045f2bb825ed97d1d3dd24b67d20e	a86fa223f98b72a5a8d5b5705ac7a7b778d38791
54f083f55fe4e03a2b82f51eb8a4b816d185980f	cef5c43946ecdfdf2b9f5a58015e1485c37ad4ba
60f9f429a81192366c0100eb0f653e9f012baa1e	55115e3f0c6604741981d3b8b54b818ae00da6c0
3459157a9cf96db84f26359fce3dbae55262d9fd	1f9b6f387ff38649d5950211f84a319d621a5dd7
bff7114ae1fe1f62ed74b1030295031f892ead22	c65a6c4b0e20a56946846ba44b3bdf7434b4f080
e59c0d9bc893886f1f1c8dd437d2d14991f04806	f038667921cf290440bd98199e3291507d998653
404b5019ff842736781c06c79d64407fa36de7ca	b5e3a966f9958413e4e5092f49202747f34cf524
d216cadd0eef2a2ab118059b6099187f81746d68	05178ea18b7f694792f553da4ace0627070db574
cba4c2bdacfb7f25f21c286effa63b786495619f	26de594bee083817c2ef78bb729ebaccaedb5a73
d3e0ce287b26d9ff1ac12be22992b328eba9233f	0b428e6c1f37e0c5f77e702588aae3bc1fd89348
94d021d96469c005b01c094433dd01f1df30364f	aaa5177ecb67b8bdcf897265d97545e972875acd
4831cb79c7465329f7b39901a269678c13c64106	71a77ef396957b3d27436d53f77996644ce851e5
9ae837c45039fd881848f3acb4b94ecacb9245a8	cf7b8391c6bafcd6aea42a8ae919ce9cd3c1df1f
64ccf3ac07c90d2a340317e9b560126208ba1d3d	67cb481121034769e95e08ba1e50a6b98eb75699
7d6c1e693313915c0c0cc94420accbd8cb6a6418	19bc4fa05326c29c749dda5e997a19a0d946adca
411247e826e7d19bfb2a38c29e68b54cb6aacf9e	efd5782895955c4f12c72bcb04564cb48f9023cc
47115dfba2569beed358d2d346d01db31470defb	038ef0429a6d0983024793b88565e1aff28ead73
56fa98c87bb1d13236cd8fecb0099bcf97861e50	206b9c57d482341fa16b9144d82e75a39dfc1943
9ad228b986349ff437679bb68dcdb3ddd1d2b3ce	848680fcbd78fc764f6a3a94ae3c9d80c7f8185e
2f222620e3c03448fe6803401253eab55573d105	9a8733ff3cb2a080e65817654358c6344838001d
5b60afa77c96f2e6ed67469eb2155b0ef64c8d1c	494fd32ded73fa866e2a5f3ae8437a0cc3bebecb
b08fe0c0f7c03fed8ec52d01dba768fdd23617e2	75c05b82fc23e5ab960900516d3479017fe060e9
b2acf35696e2cd915cd25898453807c985e51fc1	83fde2d5ddc2fca4ae2fbc0c9f69d98de33e6e3b
f497dce596cc453257b0eb917792415357ac7548	4549050a7a2dd0ab2cd3474b8e69bb90c9a91b44
70eda560ed6c329e82d63cf45097783b384d0203	f93cfb5e6680592c7db725e605144ac8f2044ba3
3c3e22c81bc2091d2450fbd4d0abccd10c09b02b	af2f99b52b645b311b9ef8947c1241016601a92b
34c6944a2c1281ebe281a1707e631703c04dc687	8e765f807cfcca573e732d35da8e2c73d421bfeb
565cb4917edba84f8f0d4f8a29cd1f28b0995d6b	01b5605ac052c52df70981cb31db7fd53dc4e9a8
d60c5309b590c348047951953c4f2f9c9c7d12a8	78a22bc24988914abb6e9d5a767528908267a432
aec08330a84c3e1a489756eaa84c1258c7a689b3	8b76a038d402ef0f4863cf8664fbb5392553e754
2f89d2568649a3e04b954f1c87d29d8ea5df4333	537100d6a10a4deaad915abe47ecca8b15448de3
6837b486a511f460c08d87b3870eb9816e8faf0e	220a0190a61377c2d0ffe79768a82630d364402a
29bfd3273f01ec096bd2ed41640b03cd40409cd8	35573c85e78ca2fbdb57235abdd7b797d3c14067
754e7ef2cedfb1dddacc6a2f83beed710c26c2b9	baad65e9010e9fb660a58e5d9bf1f173e4cecbcd
3a50c7c89ef324fd75a8a18ea3fe1d3e81d8ed35	d068dd4bcf33ca23a5a4359423d9dfa7ec27831f
7ea770f0e9cd2b8f85a4545af763ce56866fa140	1bd297245e1d42e8da403ffb50a2cfd54cb92919
792dc4e9d189e9c4b635ca64be0ef7cbbaafe6af	545f4e168668ab8ef1107abf3ce3864c9d54b442
9a26e58234ca512ca5eeeab33dc1ba3e452b3195	7b917d7eadbc6bc859ed1bbf5b7039f5bcb4cc63
f0d16c7443f495a05b0c41675ac47d5742255f48	5cd512525e04c8aaf9c6b95a2def09b530ebf615
755ceb5deec5af38c2b8cb021fa62bdccc5b4950	977e556220564fddcaae623ca6a5203bad1df14b
1433429feaf797c631c3785c52fe2a315003618c	1aa34f59abb190eaf619481437e0074017ffab78
e6504beffc8a2f39cf23c8d4f05ae749f03961df	c3fe49573c6f8fd64d49057bc28bc40c5fc0fde4
24ee69441bbc11f77146f8cb2c77d619741262d2	52463b2df471db9f662b81cd5eaaec34b08d11d4
a8b0a6b5cea95b212d14c7163dcbb88e758a6499	c17050b5edc8465a9c74a3d3d6a51f2d8d468819
e72893e31ee1e61dd78765f9b657acbc0c56be32	5f2a0c9c7feacc00e65a561ff15b14f9ed0448fd
b29589e8c3af4184fbe831bda51781079ddfc469	bf579c70e0dcae0e977cc10697d240d064ac1cbe
cc7c046c8b70af509ef34d40d966d872b486da7d	bde79e94c2b4964ad838f68a5ee1d2ed449a7de1
ddb58aec6c7f61497fa264617745c20234c981a3	944d109322df73c852b2dfb694fda8e4e3a0fa21
13226e829dfe615b94f9ab7a5a788d4e5df32afb	9a4a859620495236f00917ae0391d96f6aab6ac1
cb5016df9bb327dc39352422c3322396b7475884	7f9274790ab8d4fd63c4f9d69c448e33076316ce
57b67a023fa3719278e7ed8f496ab95925d2fa98	758cea8c1ec0860b6cc1346298c4c6e5577786de
3e9e42df142f1fcaf4567837ae5013d7c8ab22be	94a14efb3e4cb9e285638f3ff9cbb902362e85d5
103d361df188b97eb8f4ab950fd1ea933abc3644	c84e450f47238b018bfb3bb8503964a5adbe8bfc
4a3e02226e4443e16a40afcf868eae6dca089ef6	9b7bf3f63e574892eda31570381811bbd75e1dba
bce39937af9247bae5ba0ea66226f70a0609395b	8dd3891aab05306f40bc40b7b83c84edd18f6903
b27689791d5eba621ff1722b294b2a97602d1125	086af85f65d564fc8f433c6e4863001ae00da1a6
de81901b7f39a347eff2de043f4964c4b894f1a6	70fe8cc59c715936d73b32fad8a6de10daad7c4a
7955ef3e169b27bdd541cc3744622c9e22552d20	341638ee07872ab194ce381128835893b9ee72ee
139aa710ea4dc665815071a4b4ef171f186aa8a9	2329bea9db505062dfa5242ea6d933ae3e1c3df3
cd9e0c97eb4a146f91c805bcb3c848abcc17ac6e	e97d9140faa8507a411d0c7c77cb1e0c7a33a162
3a61b178fc2ae315c64faab327e79009f50255f9	1f1f4ff546fc9a97c37020cddda65b741370fa82
2de717834cf394e745294db12258f1687e79b761	dd2861dc40b019945f5f9d7f8e415e4b4bdaeef5
97966d9fbf1aba61297a25932f9ce5ffabdc6c96	b29e5508ee824f5ed582c10f2b3a2cffb65614b7
ccd961be4f60909ec951395fe95eccb633ee630d	f8ed9367b0e3ecbd42a924be7ab7481a57950ef8
b513649bad14b43cf46f7e29b43835d1c6aff5ee	8183c579c688c3a61262395e751e17dabc1a6c3a
d99415ad19ba6cf883a1be13bd6737ccb533b51c	b45a54472de1ad3c860ff9b58f119ae0c5d838a0
a63d41653a4624c60ff16329695db91c0170b45c	ebd593274649a190c118ce4cbdcf0fbe040ad491
5706da2ee1a856069c477ec5a161970fa52f7b13	81875baf1b2529565907bc7e86bc944199c90b37
d0f620f0b4cdbc7510db1a767503150cbabf937b	0fba4645a846df5ad7f9b381cac51195a89f2b4e
8b1fc3fce180a18d2a8959b819dcc08e30970b4f	b6f7bdfd4b6758cbab49f3fbbb61d3deba9647c3
e9922a53e992f5d26538febc06d0580b202cc747	8697e83523baa930896ac57ac74abb4c5a63b625
8fb9c8ea03ec51ebf2d1461b6d68026e720ad2e0	e5e31ca716c8a6649063a45c1777692f22f114e5
23897321adfed402bd908f5348bb102d43ed1936	11089e4d6de0135c4027d833ee2ed270ebfe0fff
6914430e1377ffa5fb2fa0c1fc9177f7bef819f7	9358fee6f3b0d882d3ee20a2592a11c596526e30
ae65e7bde352b6e2914dd387c001569a76633bf5	d1398c6ec0b30482d394a298c32d226b61aaa035
b0280cbda79692ed4e25ca1eff190a4e0a11945b	477618b246775b164eff366033b11b2c3715029f
e0d0d638c6f70afeea6c414bd89e15a1400a738a	da94b0ae55b6f62ea4822ed8463132f337b2d136
b825fba06747efb8963e29d9b66d9363efaa0b2a	8786922ade5a8863cd0683ce1c16aca64f660ec1
6b18acfcb14ecd816bcd769c58a87b6ace382665	74a47bf7da0017f05401f078e04db28fa066a5bd
58cc2f4568e6ba332f829ad15679017ad47357bd	8b8fe5399741876e8630790bec01bcdbdc88b24c
9af9486504a9f47a13bbd418f5b1d570e73ec9f0	da9566225e1845cfd21b747f39039a5ca0f6bebb
ec480699a3151e1f4c9bd64955545a70c943f78b	c5a4ff0bb1f8a40d37bb440da910e43d1269abd7
34d51d55738692934ed5aaaa876d98a33d29ab5d	aaa2731968c96db1245ed6506c9837a25c15c25d
e708784e8585e3efd4c33163ad0612257c064a67	10a4e253682f51bee89f107c9209f99fa3adc2d3
33dea0403f440de0f718c4ee327ec0c925b255f4	6c92cad900bd3911a7695966221461dc2e1c65fd
326d57dc4cef0716eeb582b3f919f653dd724369	159cc4d60d555657d1df2d4f217898cba8b8e764
f134f80ea013013d611b5f1448a306e86c0ef02d	032c375ad816e81840a16b00bea3c01fc6c603a6
75390b51460c5d4e2c8bcdfd50437fefb9539152	dca9ea7a9c336915143a34e26dbcfe43814d8fa0
84b56fbb83390a7a2631b3f953ab74499b8978c9	9060df889fc14fa749a943f95e150c57508db27c
3d405411ad49efa84e423464c4951a702d9d2eab	c85cf8cfa9ce7387ba413181fa4e4db5bff2f391
1ec50f3c296b5b8982de5f0c81a8ee7b5483af15	506bfe07c922ae44e75d290d9b80130328594708
0df2891b20250279981ec97282949f0ef4636278	f6e361963050f621b493ed603e58a806a96d0fda
d77ae31c32030246cbbfc9f7264a1af2303c2628	07b3c1135d292b02f1a1c1d73a3d03d42271d751
1faf3ef46b5f2cdb4e46d061ebc8e98e347931ae	e6c069ce68a2788b953115d8610db3a3a38988ab
a52f9ec6db05598f2409f9952a4cca0fcb683c1a	21c8dd540ac7a2741054b151e724ee19d3e49c12
5e39e491a91358db21a63dc5275492d8b2aefff3	52861ae0239b9f72bed6fce708de70f5fa5e31d0
768f4e9f9170c2cdfc5b1b42fa93efd05fb71b77	c9ffa838fc493d9ff85a73f969ceb4b40f674d0b
9873b73b0fa6ac0f765d7e6cb3e6d47a7ebfb909	5ca51275eaf0b4f8d9f83d3bb6ff0d74130e4e24
3c8991781429df7548ebfac21f23e4bfc1a13411	c290fcafc3d89093a88babb6c0daa95f17b2c3b4
09678031166e0378e9c31b43f2adabe9cca92936	91e76c97eb0d5a96a8e05567035bc80e3e6fbb3e
c5144d3257b1be3a0a0a1686f9fb493b5eedb1b0	b577c3aac41340f3db7033264c32ce420d756059
3d4e607febb28ce954596938e1ccf138f3b35d21	e3a009c7678c990ab9a51be7d2dfb3b0127b4a43
7ef4deb2be991196d7a6ab54ff9c31155bb4150a	cd113c019f7e00b56f2bbfebbf75bb182d50d51a
83a972a45d198a2feb60ef202695023b0679e273	c174a1f8c459f93fd76b5093ea373ad42b82cedb
ec5fe08a69919499a4001c50b16e9a5faefb64c4	3eea935758ecd3eca8694b2f3d52b83d1582d77b
4435396b68f7765f5ef0e18d12faba5c67f65c96	d6dde8390e8e7891cb5ed4a2cc87bdfac9f1bd40
013fc6c2d3049ecdad38364eff220c5347a05485	35d708a247e56a80651443dfd664f190da54d525
1e4a91ebfcf65f742c61ac4e4eb96096dcc0f9f4	eccfe5799c4397ac9ef8ea324f3eb6e7fb390db8
ac65f5b569924682d65b83d60feb7e519c4a61a8	a069750600fcd67918b2b88d4421134f9c8aeaa6
f0e332a6f88e47edb469b61d2158f783e07b8ad8	8195606eb6fb585d685c2f9836712b59ca75e8fd
566272e42e69002525cf96fc98b6fd559ec0e051	1d6754a77df61755dfee6d5baa93c818f40ed159
ea68e1d0a161d18f6fef25818e989af243884a14	b56fd846bb051c11a275205299f898c80a1badca
bbcc5452b27fa8acfcbb788c7a7d0f45532bd4d4	a2c4416def6fa6824a0cb933c1adfa8ac6728c5d
3ce0428fc376b641ddb314e52abdaab8bdc635e8	c653f66c3f5533378c37e90c6e44119f93394a86
ac33191af48e1eeb2c4f72dc4740fba359f8179b	4ae2b2de763a4ddb00c0c5d73c3053103670626d
f2891a60b8af2b1a9a8525f2332fd25957a9446c	7ca6d4f96587ad1f675a9550a5b816399f3ab21b
5e2171a7f2dbf112a1f5b1164283f94217e818c5	d604572e543e35b174e77403b8f0962d8e79ee8b
e8a6e8df7d4b2330ffa56a2c66fd522b986dc9a6	09cfc12e0dad3abd9f09a5b854120c82b03f03e6
a8c57d97b1aec89a6a09a6d2e6931d9f49d3335b	7f648a1c5d10f4744ea734a5d2290c1f07850bd7
b58b9764801199003794633d4b15534d2bd240ca	15914ac89c86ef931db9140399e6f084d13d44e6
57b3a329b5e0e580e6bbb656dd2ebfa0c0b0f8dc	7f29141410071dd036ac672cb42fcdca84584f5e
716713fa97f9cb15d56540ac28e3a8e22ba133ce	adcd754b1e5ca884b8f5fc21f8cd231c356d8da6
404dd3126282dee7f5b1b1318b209057a047d51a	e0ee0f4006fc3f133c2d465502fe40123bf2c311
320c1b30998e86a5316bd643869aaddd109ef7dc	a3eef1793744be5bf1171efbe06735544359a4fe
ef35888c80f5703565e50587ed34a63053567c24	1621a7de3a7069e34f45a1f631ceaeefe8452acb
ed9e8589abcfe40fbd78d4a760c58ee63d192c9b	d100c5316808b3dd94852c55aa87ba61a421227f
10d087a462fda7130d0f9c36d50dfa62410ada82	b048a63d700f9d68df31834cd2c7a95d716fa125
9e4f6acf3c5385c52ac64060a1a57c5b98e939d2	0e044bd4067b36f7c84e1e26c4f8cfab97ebe4c3
63cf949cb267fbec9159edd161c10749bfaa60a2	943609f4de9002b29502b209e58249ea5641fcf9
597d4b5577aa4e98847ec7dee6bee84c50af2d69	0548bad82bcb84cb15a6d5c8f452849c6dcb5a8b
6bc7e04fcb08566a95bc28a89aed9e668e17f112	859ccc1398b163ace6a065894b26af61e5993d91
5e4ca15d3dd7fb698db6cf477411daf1cad3f600	d282d50c3070eec3eafed4321104a22a1a03b51d
375c615741787d0a8dfe98061f0bb98a198f3db4	0e1fb36a5a187a6241899611b78b8e4312efba2c
84d9bc81b36221bdd81717faec4c1bda588dd3f5	21ada41c0dc1f4f273611179ddbd57c8934962ba
84d3b95b608c08014e6f77c01bc49149587b824c	f96f111684a64b2e31b33d7a3fdbd3141eafe9ba
d45905ccb1a4286d121d40033e2cae30d082a49d	cfafa35313c4ad4e26ac02be0a73724b6fe0caa2
1e194e67a9b0b47b3cff52258ba26c52a6d1b649	fc636559a7375a21d78d81e4e66456e4a2053f02
6f60397115ed3f22280fa675cd0927e9305f697f	e76a1fed207e0a97f885b082ed3a0f1ddacac724
e6b87c21aa0b56012e2bccdc0080032d9858e049	bf52ff2bc88ba18751128ab1156bdae874c43502
c94304c48dbbf217105f4e3992b76868e90565ea	49ff6b314b527f24857781e0d44f1e699645318f
5eeac8af5c6c8834b75d82376a9a7c4f2b39ce8e	94b1701a521809398986f0ec34bb844e99f396bc
6c6316fe29b2a8d58c68c0b6dcaf369dd43785c2	653736c80e7281a8097b4f351f574d9be35cdf8b
dacb0723053d791a2ba9ef84cf38e65c71851db4	d50d618979e5c72f5b8b19de177b8297db43077b
589cd36fb36be2f9dc1b4e246af9dfe4b5c42ba4	00eb73223fe4eeddcc723db14744bf129cba996f
d9d281800a0e01ec1221702e35e2b8edb34cd13d	51f6ef404ace93c753079b0186295b0001c849f1
aded1fd439f1e2ed1036c2748757dd283a31d71f	2317052328515c5e6ba0557db483d56564fd0b16
72afcca8e8cef3cea3b7d963d3be383c7d2891d9	6bd89cc993650f2250cf20e1c9482ad847e2750d
06ef019df7075d7830a68093798b7a64d1ba274a	63945dad3497afdde8dcf1c70998372265c0336e
6b9d94d14e661e5f924c1b7a249ac0d5ea735e82	ec1c0f3775b3632113cec7e9674bc35d86e08606
9f92d79d2fc8439438a34c0dcaaa6fc0ebbb1d4e	72d1bf048806effabc503d965e840b9fc0a4932c
1c08e98aa95f1ba76b18dbdeb7997f4002de52a9	5a09245cafd6f103aca6c5ddbea7f87924afdd8c
dead4478d8f85fb8975826856f93659de260bca7	c858923ee54809046caec99a9d7d2e7bc0ac0b62
d68b599e129d7aac6fa0f150013c8ce60f484f9c	8a99ff54f6cc290c710e65745ba601f3ae6a9691
97fba43e35acc0eed0db00058b555aeec9f85321	9c10a7170644347b69b4c69f39e9f0efd1607805
b1f8a8d1ed3838339eb42c2a5e93889cf13c7d7f	1a71b971da9a9a3f37e721c62a7b5774eb087e3e
eb4fafe79d3e199506f30771555f69d9b8445582	49049445e705aa710695311c703cd8eb6036ba11
38cf9a12ee2fcbe737a426f2090c08ecfe425ba2	16fcf375eabfa86dac710c6452ab0167ea46a21a
0f03988da64d02da67385fc6c0893596eb3841d3	65745b323377d54652bdf3d721cc0d67f809cf69
7d9178a72776158a9199c7af34290d13daf05c9a	ba84ccccdfc048729934b901992dd0c68302abcb
6ecbaf4621c2cbaf4386b76100103791453e249f	aa11efec57e7a25b7dc5d1200d719d6ac9241756
dd9927ecc2c46af191266b895e6662a882fc624e	a9cbf04000a830dfa0fa03faf406e912a5d64ed3
53147e93c2e19fc590dd60bf6fe1fc4e9b34ba34	904b9cf386937cf122e9958acc588796d7438a4d
c4665f2aa3000e92c77b3da0489021817c170994	a9a154e89567c936c8744b9f6cb198fe8beb17f1
8784106ff1482f6b0ac2d33e44ad5084a6740b73	9b216129b5ff5d2b3648f3882a14e986bdc8bb87
f143e0e2d06402a4e552323079590b9812865902	bd85666000cdd78eea8492fd8e33d55cc5358b4f
21328327da309097f3514dba2587452f76ba6a61	94915ac2d90fcfddb351d97ad999afee32cb5120
7fe884b5d20eaf03581c10c6c0efd8e7c534eb2e	e64e1278c9206175eba504b6d5ff741743c14153
d4e0fd562b9ff664987e4250285408976f27975f	e1fdea9914b33b262e0be2f496db943ca5b5b9ae
bf02cd754427547c20219da2869a9d4f46c2ca47	a991438ade639059ca893c6cb259010dcb9dc66d
440066bb0a83a82159cc65b5e7844d3253eb56c8	05fd9e7a89761206521354086261661679726493
7cf2e30cc210d07400f097c77a18cdd721097ca9	ce046a6413125d01e03c191a67a8f3fea3b39105
067fba6a9ee536dae845b814f51e461e0e0daecf	795644d24cb6b12c3240604abec756ca9622a22c
38b713ab20a90addc98e34433032e187718ec921	4831043cf50cf689edad591c5a242a1c526d0e16
d92d096017c4e20f8605a4d4e6157b443963ecb7	b99d61154ed0e50ab0ec049d0f46ea3f3b56bf60
1d397c48f019ddd9e3f5e7ec744eb0a3e817cf1e	65f92d86bb584b4be5eee1ea88446e2ef21b3b64
b3157903ffe06a47dfbb24f02c712709e2207ad6	cd836a49321f2a35230ca9ef8261eceb0fab754c
8f8d848465af4ee313972bd32891f05c3c9a945c	6106f2e97422c64b3b605648b2631ba472e4f663
9b30809806ef0275488d97564505a121a0bf4a92	62aafba8619f14249af73d5d653a4bf54f12af6c
4c2cca1be249f3897ca7b88974871fbc13e0823d	e13c08705dba228702214e08c381d49cfdea46aa
a3a118666106ac91351dd5740dd3d78349538896	266fceec5783e2a7df1106efb8ec12501f924fed
c71e481e12f86febbea2cef34cf12d0d96d7d327	fee074fa78661326f200a819cda5c19b051d0f00
4ce96b77f4eb43d1ba21349323390f900ff749d2	4735d2ec7c9e48b14efb86d561fe1d0e1269bfc7
01902ae175cb50a1a47cbf0e0cbfc33ae9546ad6	23d3c548567d54cbdbef3e9830dd22d3da40c201
c156e0e6f0bda3a5a269ec96a14d8f20e9653961	170ae9ce13664b4743821fae8817e80b5e75f661
9685d88c7e0d24f45c1e7fa0c3e986180618e8ab	e91e4b0b3d1edbcab4347d3cf6cbd2be90b1bf0a
73ada5663a097e72f74234d58e2e6f42781db731	1dc61155a80796571e6b371097ad7ae6fdf0383b
65cbf8740495626f6385f695124fc056dfda9431	5c487195504938ec5b711eb7f0aad32603ac79a4
cd877c850bb7a412ce7704ce92fe29e0f5417b59	47128a54fad3af75c36dcb4e10227dbbb17580dd
6bfe7188c90da66f5491f160eb5c19175a6cdf51	b5507bcf32061a221dac8fbe66b549020ec7162a
4320c90ee8cecf8cb81503df95395668fa0346c1	4cb7bbad4ca407b869bc18cdbee6150cd2284b47
0595e97c70ffbafd66548f90ced3af065d599c91	f126ce1aea5b569660434b197c5612241aa55c61
7c1ea66b626f1e26249dcc9e64f23b43c4cef951	bcc4dd2bb83d0af95a9c0f7934d98fb04aa3fa13
588d5acc079be832d242f65c02de3192b2a1cc6b	c63ed9a440d4fa6ee4a0f3fe8232e9363ea01447
b06fcd43f8078124bf8b66a212de9dad8edc4469	b44843c2c88886a91fef7253bf3acc4d29a791b7
e6e6546ce31a4f1ab1a74eaba650aeff33bb51fc	decdbf0c4d2a159e470e722a7958a31dd05de406
a03c62ee0f7b9f3544cc3ba37e1e5a5dd5986eb0	376431a80d4075098a24f10b2d61e58cfb2af7e2
0e3be6d8486b3bb63b6d65b2ec54eaf4596e1fa6	87f0217c75bca14d6490bf4846fb69ab6757383b
0c54da6ac7a7bf64847dda2aa157d96cf55aa865	f7951a9c88c97541ea3a7b53b68d2631e78452bf
fa89eaff82f8ce0df2afa976a118cdb3674cfa5b	0ffabc1e9b7dacde561637da7aef9b79d901ae71
ad999bdebf98c47e4da38360064112a1b0e92a5e	c296b079dd05cba483dd7646d25dfd3a0bb9a869
9b12fff61099513c00538ce9aec39137e197165e	12e59d1467add9ba92ecd1fbf93cb2c61abf9392
36dc725a4f8afdbabe2be1d468a522eefee0015e	c734c47fcb989170368ac9032227040b4782cb8d
0bb6c336142b89aa63deb14d66202bceaa3b5a96	6f5ec7cec193dae2b7906b20f8fb620a98f167ae
8cf80a7082435764a66d8b2c1dab84351b8b057b	468994695d391e128c0574c79b4d6ef25a3b8380
62114429e777961063283f5c18c10b4bba3927b8	cde86c53ce41ef2e273d94cde47d5f27094e513b
ef9903a7fcacc12f57f3a4a69b87565d1f27c25f	5d784d243426b43c8f821e77f9d00381a0ca124d
c41e08a2b3cd7ab81b6ebabda01b876035183981	64ce01ee14ea38288a1542daca083696ef2e92f0
6112b3085896ccd716accaf007f40464000a604b	608fe9501893c4b0bda167d8f72d6f3c4f45efc0
b0a88f038556bd18c6fb1a5b4e0b5cabfc24c12d	0c28882249ad704a81b7db77d9e81f063a78a141
bfc7085182a172f57519292da6ea3d07ae676388	47ca80998932972624f1253fc3a0ca9cf88f89a1
65fc75fc1bc541b5e6836574273c631fea24b88a	f05ac9e81a489280d63e4ee4e7e6554b3493c148
1d787cc307b650f62c837e462a2d1291b46f1c68	d285060d6f3edd312a65d30d6e0642d6452fd7ed
505213a0a39983bd4a9fb8e3aff9b0cf757f69ef	15113a236eefcedbd68cf35d1d43e4060d7e7b12
fc848bbe2b3a7ae87467b89742ca868fdb902880	39f46bd1266d486499674c10ebcff311d96d2d05
a97199ce8c0c8548a2761f56697a8fa6110eb005	b7a9ec96019a7c544cb043e9537c6a0ffdce8b8f
b6836d22faa4b143dce4e836ec2b5caad01b9387	3545063baae2153f565dd7204c095068deb4e61e
ed4af1752fad6b229c9559e49b8867371c3c9f3a	7464c0def6e585aa13846deb41936f458f03a97d
d7271b854ff378c8ff9463b35bc2ba16bee6f0c3	d2931cec516035b318d87b00a9a64003a43f4711
2a1323c3627e673a3486f3e1e60dbc9088893aff	9e58744a72fdc89c45dee6c7162936a4a249c1f5
86845a22ebcf1182ac881b9dc3f99121a89428af	17c6895cbf41b31c910abe44616254f233ced6a2
d3d5c30477736adea1a5436c2db152dd9bd4f6e8	cdd28660275a743e456bfb4f97b01c2733fff6a2
c50eed0cbf13c91b80b19bfbbf1d5130d9f39c26	01726352e259d329b8577d3edf592a3379a078f5
249cf12057a255e86a434bb7d8ebae7e552f6b75	48e50737fce24bffb0bb8cef37159fd7c9eedbb2
5ef4d523882982d62ce8b9f3647ee407340125b6	74c976dca6b02b1ff6206f13288fc2d99e474877
0eb090f35a32b3ef1f13a3487829a6d2c9c73603	ad1a080bd78a5d49bb84327199457c376b34ec7a
c9097995158e90d499defcaf346b6ee6e0479d9f	8f661918936e00c04644e2268f178ea2b666f9e5
f39f3b5bbd5811180d15a04adf36721d72906491	d63911adf7ce5ac0e9cf819c990b170c7efe354d
065dce5943394766887393fde9e69bb5d2f1a75f	84284cc24e25ff4333d1ea70e93b3ee7ad518726
8b5c925a9ac387fd2fd39dae863a7de955b0ecc9	8f6c04838e08097afcd228abf0f1e188a11a014f
f2171c837b51d9bae0ea40f2ec4007266d17e4d2	79013b2d03f2e8697f04c4e8e0e2cdc1b4f0f4d7
ae8f45c801b9f66435651b3e9815211b95a656be	65fdfbe85a1913037bc7ef4a916eb502502e1a62
9c057636a766a08b14be331155406f570d1c9cc1	6b451d4285ee1e531620322eb7d33b52413d8bbb
cf675ab8aa4c7c3887bdfc4fd954458c34e50085	aea03ee75f63782c17a98adbabaf21c911561b3d
d3d26b7d1abcf3452a36f0b3693e9c30b71d9ef4	eb22b18eaa7a15755b09898677f9547c0fa3c4cc
96fed22e123e641b76f27f53a48b6b1432e20d3a	3a296143f11a0cac8c02095a5cd32d3dbd5bea36
91b56082eb59a876ca154e242b10ba7c99ea27c5	7336128b92dbd9a5879a9b88cfc8d94848094869
a8c5a71ae8499185b4a6aeb941dfe55a1d72db06	0262843697e00b5bee0050dc1e8eca6dd224cc88
bee8b196c27d4a47670b3d9834d9bc2ca414355e	c34ebb2f69b9c632360f06364f76b24f9d2df5d7
1e0c466de13a7af057ea8a0cc0c84691cebf4897	997b23accb79d7b4f5d55a6aa48edff24db69c9c
1f53a9f813837541de461f8f97149a6536a46565	c4f6b20d6726c93c5836e9012bdc68d892b639d7
5aa754b2810e8f77fe09b75b62ddf8ad5fd75dec	b1f73391bda1f424e9be99a41447fa0308b27f82
2b90880ee98eb185cc2c9ad90dc1a6c30a537bb1	d377c6fb839005b42de87e6b75d063f109f237bc
6e74a9560d0b14baefb3770277562ae9ba94f7aa	842c97f9e355f8f7baf37a59f846a61c3b7ecc56
0577478cef52ff25f5d85bae3e7fa1f395fd6419	f036eec23890f96c47ba0ab762da179c1a7633de
596dae213df94bef06222ce9b480ac396b349b03	e78c7de0a6663865895309d5ded902be8d56110f
536b4358b1cbec17d0aa3a8b0e3da50bae24fc58	876faaeece665835a412b0739593a444b7194fef
18b280f296053b35f02b1b2fc81f2057d39f747f	19bf2c4036387ce48459939623a9d3495f162041
907f68c070ac5ed5f85c1dd77b467f50bd5288ab	58947dd873438c6830e7a67159b96d8a8c29bee1
2ada16482f5cb8d8fb97d7254c992996ee07757d	896edf2724c70fbd77a2a249da710874c04ee737
7bbf5574de432d1af9aa95a068664f63857bdd17	ca60be10078d244afbd3f4d78ef9693e5865560e
05384e3137161c1fead346f6cdae2f026ce8d0e8	4b22e8c2f61d4735a01166b8879acbb9f37d9eb7
94617910c926c7d01849d6a1a409bbe5eb5712bf	f7ae6cd4ab1ec949d0b6271d2a132e0c1a1cd7ba
637ca9738b5c2593c256f87b85e17d243e757b4d	505820a19698382767a27fbe6a76d80661bbb5c9
449e48ede396cf47888b614f1b4762017349aefe	5cb806d367176a9abebd45078186969f1a2306b1
a1e97d37a09f1153c472b77ca2da3ad376662e72	871cc2d265c1b6d66f8bbb11c9d3a687668138c3
48831993ccc6da12cbca51d81452bb6fdd44b715	1657452a22a8cf9c27070b09ea3a651a8583919c
9583851750a427ec954c62bd8382f1fabb8c8ea8	88c1a225ff07f1447e1a82e4105f4a68750e2371
e21c6b7cd60a8eebe1eb07abda662ef7ebe9e1eb	d81f5e5465da585ec5ce8cda5ac510aaef9e93bb
05369cc92a03f01177368258e3efedca2f693ecf	4d6941e565bd9597c58bea077b97943258241c06
d4407184b3117664c1920753be7ef822b39910c9	d7b10cfcdf947a898c4bf27495b05d614d95249b
dd6e15bdd19567ef026d6078772917e523710688	06669cbe7bedc2120d9afaa713aba3145b4e8193
8e5a2708702e16beac3db194d5b2044f626751e0	3b612d93f6e1eed54b018dca3c5964cf8fac4ede
dc413df7f8d19b60db5fe1cf27ad55613d6d7f0f	bbf4aecdf5d33b5628eab0877fcd4259c9cc2a49
50fc55d77eed78fc4e857fbbf6811dc1f969df6d	af2617ce683f2160f1c26910a0437b05650ed817
bf30236367d385061f095f556249d2f368498442	44494291098b9ff20ad947303aa6beab40f6ef6e
8c1f1fa0f6e2923a8759fdd8dda29d80a14b479e	359c881bb2b84be86c25ab313e24db00c1e34062
3e8c660f31a7ee32ce9fde1024738b8dc31073c8	27c7d5d02b6f48cf56a8f4a8f4125eb1b20da64a
5668385f2bb6db0e8f832162e526bb3c9fc89fdb	102e38188233c42d412e376d680c226c8b4a984f
c10a3be2d59827462393c9f0b4fff7cc82a9dfe4	1bd9bc48876eb6a1b329b0023e7689e279359aa0
1140a8bed75f116edda3bd4b58e295c36ee81109	e54efe23888eea3d6e0d37a985a0ab9f2e5c2df5
e30a8885dc4e6d3b3373852a53d8201069cdab42	06a2c40e265d68995faeea5dc23f5f2de7e17ad2
ab916ff870fc3bede4b5c56e1163e5f0a3de59d6	ba30dd4be204a9b5ccf661bf1198f831b522fbcb
f0352d35dbd66d6f0d0f0e216b76dcecb92a5f2d	dd2c02edeca5cbff51477f95b5237b4c7d8e13cb
f45f3045428fbf5689192d44e57d704a27c6dccc	0f301c304724692df8089722d4fd4c8eef3d7b70
a6854efcbb763318b1de4cbc7caf734fcca81c17	2b665997f1444ca6c501ce6375bfb78e25d1e085
c46d6300706e2c44b1c3550d996db640c6ea14e3	964f3fedc8eb3ede298a1f789285b74f5277ae22
14b91ee11ee0dc49dc7a53c53f803d5971f96ba8	b8dc4283eb5dd93958b8148888a55db05ccf42a6
d213135bb88d108e8191019fbcd3d80b83336ce2	375fdfce42d89be1e3e29bb7d76b193cd1aa1085
c9d2c46cffad405a82c4f6b4f23e0954aac9d623	1eff7588324a819993e3e849463a9ced87985f90
35d8bdfe6d00b648e0fa1d61ceaa6d97b34c4de7	7c7917bf9d02c2f14ee02589391bf0830e89a215
053426e718e22e301dc70c9311783995e0bc3235	5c0c066007181ab35514dc7741fe7c2f592c5302
5083d2f9d3aac767513d29e9ab61e15cf6ab8a55	0da7689de143662df4b9e7ff8ee08ab846426916
4db3be93e3106303b8195b12e3a2446b9769d200	a06fc987fe4a21b86608959b00e34b6fb8e500ec
957790c6461712e6f1c6953f7a5e7c99fe531e93	5c6ba911f8aa21e68f4607df9f5f4e2a9e3177eb
5d8debabcea6b9340607fdc7333af9c032aaadb1	eb3737e555a8ec90d3c32f0ca40cbf0626343959
62b643e5587430b171747c7885080e5394d5ed7e	32754a5156a5d7007190299479790b0b8827b8f6
5e81a6ec39fdb22774d9a2d0ed828029d029b4a3	7e462fa94c001d0ca26397bfbb5b2adb21048a03
7aac198230d8c050cfb2df8b00f4f980779559a9	b959bfa4178461ff48a04c378232dbf1aa8f4405
c0ef92017ce0655f4c10da27c7cd5061f8c22b95	60d8868f0e83fd5559ffb2845e6ed56462ee0e1e
9b37681107b8575530f4b0d5ce755ce015e5034f	e3604a62c52885278e917a19ef055e1052fe61ec
7ec75d3dad8ce1af4e7a484cb87649c046d256eb	f082451125f09914883de335386a77c38f2e3f8a
982cccbcd864318ff0e25811ac4c6e41b44f923f	d27d0099232fe09e8ca0d8b21c5a1e63db49dfdc
722e523b99cd3c4ef59301a3e248abe96d72e6d1	efb20093aa61f61ee14c5f372dd96db11b6f9e4b
070169b73c45a7e4e9bc7f6943fc23b3c3c17fb9	b102ac4c2bd53478bbb878a7012b15c185a301af
acfbdb71d3ddfbe8f6b28938416f1743e0e055b5	d1e4406c315af7093d70248ebe885fba0e7842d3
39df230b29242af31c947a3577f8860e6d381d91	b24deb9aef14512c200d555407860661b01e7369
4b1743bc67a93333a1d3196c360a88a724070a3c	6aaefbaa88fa9010f415f5e0d97fd0b022200f88
a1412ec1f87f88806a557b7bfd2cf95be858f6bc	dd899a5893b8d20ce1c7e7f670075411ff711ab6
f904ca3ceb3bffbd0fbd8e5624e4a35a946ed270	b31632bd269d484b77e984d16689e556c88084c0
0f43ae295bca014a673f934604d834d69631f7bc	5f39d056b3ee67c705be1cc2fd5f4123f3966a67
722089d77c8014847c1bc73d4f5b2b7c4a7cb8ca	612b99d5b5d70847443bd5bab1f3d307be93155f
dba3082b4aabb31b370d56b45739039700b7f123	d99cf1f0beecb7ccc3894d63dc78301a5449a880
5724f3f7fcb675f015c8f6169b6d3c993e310c0d	0ddfaad41a87b68d328cdc4723b7be4566499739
2ed3c4e7d5e937e7111eed6fde6c613edbc44a25	95eac00119802246a5a100c67cf91c2ee40e775e
7c8c1bcfc1794148088b3e0c891368786236202c	43316c4c6bcaca72025174ccd85f8c941bee1910
8f7e9d6ceb7d231d11f2e51b1feb05ee2a416060	17186491f8094768b3478958658374dbafabb84e
a3ba830896d0350e5f116da1219ef8d6ec144908	e22c7ba1913adc5a8512c0623f8a86d5323ec55b
31c7c7c063771df3f40c06699a62077eb57587d3	86a1c02cebcb0112b9e1b48d5585dee17d779f5a
cb2674b778fff2d2b3ec6549ee0fea96481abef8	d296c530cc3a2e9b986b9826f02638c9552cbd5f
f4ae5da3f4334686229b64be3ca748dc2456bfac	2f8c1123c10e6d4331a572360f34955dd68a9417
71887385167b53f02e4202346db65b76dd13ddcd	70d242ca852189ba458afe79fcb65884bf60f45c
b0ac92786db49fca64bd5e4021ab83fa728174d3	fb4e697f991cb2b50ec2a42496bd188a62cd0632
e5c471d3b645f45b611d4040821604042ce5173a	26b58598f6ae7653ca10b2d50e4d3c2bbe088579
f71b114ab38f9b5947336053fac3f966d3ab6dc7	6593052cb032b24895f622dd676bd1e47a526966
12e3b9b65dad1c83363103c4c95c5b1f1213a65b	0267ad67e7118e5f36de1ec256074d4bd485410b
a7ffc23a709687a7bf0622baa612b8722d0b6ce0	f1d841ad0e1cb5fa0189c2545752f01d763c4f89
4d44df9f3322f776a5101c7b66613627f232359e	d01e22e7270b468b126af8ef063beb68ed17fce5
46c92dc67a63dd9bb481cdd147713e8521f52562	218a0dad5d9917070c865356ce9f6ed4ef15f30d
5c2a5c3b34fd9dc9e624b183cab283dbdfaf464a	dd4dd0694e75f6e4cf23d90049b6450a5a20f742
ffba14fa5927d5d0e976b71e121697292d401d38	00ccfa2f7ca43b45970f0c2b34e2ef68e5c43113
d8c9408e66d71fb1ceadc5ce406af5c42a07e059	ac63ace0cd6784113fec04c4d286b5128454db21
8c7ff97adc209dfb1dcc4c320c8f6f7172b4ea5d	b930834f34f357800b045c1232fd92a74b69dea3
848db89c125871e93756ce05c41090b7ae1ac9d3	2bf446afa21e1264dad8189ca60b6c6519bc2f22
9b737ba96df8aefc4b2519974ea177ec2ccbe9de	b34d49974adcb78a68c0da4855fd747b5de58562
1c55299bf5cbb61f6eea7dcb82085e69733d4ae7	b8c313c3fed5b4104fa9aa7734fe3be8fd6ba55d
b2d7c048b6910c929bcbca97f8fb070514ef7e7a	b01ebb6d8924b9dbda866e7dcd4fb9d6070b79c9
97379bb1b29aa78146d178c1b798efff97f05bbc	8bd23432f38f0d8e7c1c4aeb4882d4665754dc90
e8e5838c640b0fc917f1d83e315a29b30e74d31e	70062a177be9e43851760b8fbfb0dba71eed826f
c1b10480fef01f122cb4e7913a967acacfe05f9c	02f11d332ed74b4d45ea8b58cdb9f5c587208abc
fc9cff3b72a59f8aced0c3ba6da3c008d6ec7cd3	7fa7d63126cbcee283f3c3bffa07eedfa7e3bc39
79987360c22c44d28afa9985d3ac3ff8a60411ea	f1679f6ed97de88aa539fde8a28ba2979ed9ec5e
0c4707d94383f5573b91f73571a05f7db2d451e3	4e505a216c328a9d2888e44410c7be9451d68cbd
e1afe5ceea8ef5e0281cee66411873098ed8c6ab	372b26085e56b9299d66614476bdedf051aa80eb
dbf49c4d62aeb54cfec58cd5c884ac576b8dc31c	9411c5d1dfafa025011b03f7cc75053dfac2cf5b
05966367bc7119302d62d993642a51bc7231af34	b8d59a7f9db5049fb7f6f4c53bec476738517ef2
730444e2e3373100dd2cd725f122125cb19edef2	62112051d98f26a1da03c3a4e3dfe4d3f91fff02
940ecf4d282c85cef8d27e68f7f5aae6d88e840a	a5a91f54764fd1debaea16c86785a545b7e795c1
2b3fc8a69d0b1688a0dc11e03235f7ccde58eb6a	ff9702a1edadd87999e53d44a9bacb0abc62dc1a
55916212b86591533e4ec70eb90672bb8e9ed5c4	2b2af81728f659fc783de0dea9dd215d98172758
8577a6efa2eb236b8751d28d1f91db95c94314d3	5feb4991c5eb079883f5ecc8eae64310a3f3cd1b
b9296d677486334f3c806a0ec8b47edf80a9161e	3e8e0f02705b3dbe5c6ca69e440cd75add0d0a35
eedb8dd2465f472d6d48c972c39ab5030a651023	b3c02e3183b073182bd8020e27ec7cb12595fa03
54e8c5667a4b64b19674e32b157a935ba9b790b4	9812e0f0e7b75b6fb2f5621c19f4fe69683bff7f
febd3231e74a384dd14155b9464d4aa435590896	6462bc6c862c9a25931cde7cdb4f9493c3cc20af
df8c463f806b50c5790cbb55a5a39d3b063a9c07	24e95ad62a5df3aadfece9f2b6f2a7a1d093cfc1
7cb16c7c4901754aa166b58ba9c6bfe5e9c580d4	cf553d21e42d346de77df308723fc5e2b4209676
3149b56affc956d17306d65c9c18bcbd16738844	d2d42cddff55aa7c9bac3b842ca5c9ab7f5ef308
5586bdafa0182cbbd570d4a8c7813db77c630f6b	6a4baa1a214a1b3a6c9f56bb6c07e738f40ca9a8
61ba2bca93171b68f8d939d67b45d0e383da12d1	8adfa226ca0b20ab2eacc2757f0f425e169422d4
06abe5da6ba34bcad66e4a9e47fe46372987bce8	54be0f1737dd9290600ced647668b1a27ba1dd90
f553114cea2be6b8dec6bd9e4bb33895e263ee23	b0781ac96d052b1a3c6cd10c85e9ef7cdf8e2750
95582d8837c54df5e13bd9402962265f862b9c2c	040b21fbcac9673e135f1f4a21a2896756986125
753d7063c5bef29fee6ba6246ecd62484c08d9e9	d374b42e1171bfa1e1b3486cc1a68579b38116d4
490f2edaa416e286a0960bef1266c78d8244b3f0	2aa4bdb5c7920c03f94e19be28f634176f319e09
4e8ddd089c26f5ad155b34bd2a035b49d263ae7b	2acb4500fcae477cb54cf0ac1b3d423f280c2d8e
f54463ad1bc7f10625c34f43229e3d1aeb67e776	7524fdae9997bd67d80a3fe089320ea2209c04b2
eabf965b03949a3a2c36f73052b0034e62e5a1a4	31f01d9a6593b30daa141257bfd446377e82159c
aceb34d923e74ac52bd596455a67c52b458aa959	80dae49c25bb525c22d40b2a4db404f8d48636e3
393a34f405208c8a17962e0574e8cae885ceb012	3c4adbd469c384a9afa4d123f6c0fcc37db5962c
fd49def1f7aae0c460526b195dca7075eaa82556	3d0f13313b965ad69951737cba35e328d02acb44
940ad55b6950c6de7ee10d804c799ba84e4f5658	fecac5097be0fb333c39c6ee9d6faa71484c9276
c53606c55de1c60bd11c1292d45db4b2240ecad7	29ad78134710bbbe199f1da33ee8e71f1416e031
64343dd0f8c89aa16ec81a2e066cdb16907d4280	4ac6f7d28ed5a607660ace8adb3561141dadd990
1d8af3aff9c9721a85426295a256194360e7366b	00d75a602a33b391a3691d92abbfd91425bc9f1e
dfb0f4c016e97b156f23c86b8095204281fcc7f4	35434b86c4e5f05ddd455d1a637edb25c82c4b2f
278458705c4d3fe77b5e99099aea530c1d5bb730	e027de1cd161ce713c0e3c8d1debf22391073250
c6c8a7b7bff1ee502b0eeb0e756e4e13a3431c6b	b5435431b5fa7d212f0059ab9a708d81337831d7
82cfef4a0ed00b5c03125a3281d97efd2480befd	50b4fd6ac898062f0cfe12d3490e7e26073a774f
d4708f9bfa0d4e7c4cd56b53443bdf5d85c99ff6	2e2dd6d25203b76d09f956b7e12f852be7750771
2d1132be8307fb6d891a0eb4c76cc2d5ebdacb23	dc05b873a5f14a4787ea85c4c4256f3e1a46319b
037405ee6e96d09e77b3f1f1820bb9df17cacbc2	7fdd648a1f10ae8976084e62325694717709ac40
e7578c01b9fa17fd02ae98f17c457c137ae4b082	9ed2046e3a4e31d9b161b5a501abff1f6d609b21
db5ca79b022eb3517c920f2a39f5494c38b4c9bc	7cb8ca2be6deae9ea8b555d3051143f7d11ff2a2
19a05f69a894f86b8d574478c0e3f8d58d65ec10	b5578eb207609d450f4d55406d236971659e33c2
bb05d73b94af352bd51b0a7d41cb48e301df5fa5	13698edffe8e4935b637ab71b7ee4c9e607ceacf
7e6adab4c8e84e1f5db7250b04c80c531fdfec83	c8fb0cbebcfe78d06e0ec9b0f42b802926d3dd70
2fb8a75325cf9ff12b5dc08ac104c5aa51796cd7	23cc7502c7f85fcc54f4eca9538ef87ed0b06b2f
7f21d98f8d4095827fc83e973c8ac2870e77d900	11cad4d9ba73a9f2ec68ae482a506efe96bb841a
136bd467c0d8c7cb232ebfae628e642ba989e482	485d34186b6b4693e4125e8ffc37c29db64fdda5
9bee232bbaa1cc3e77f8b0cf46e2d3b4be5c2886	a7352c034c5c2a8948201a081d6133233591fb0c
14a87ddca9a300a62df66cd34e3e241532fc1600	f27e6c6cc4d443aef23170080c2d0440f3d34894
c3aaff2c056d86a0fe64161088b97814ef2e0b14	92966ca20f9463200a0cf793f71d4c94a5f7175f
cdf5e5dd251626a2fcf2cca9ff4f941ae0336f4a	45a5a96b1602ea498505111b7c035de131a07da4
1efe4244ee1bd8c5feb5dd4cb7cb0348bb38e38e	56f99ac8871c4d49579279c2519056b6da3e0e99
aefcc6030ed33f5a004ef926d832491fd7a7613e	a4ee276d40d63355e00ffe03e2cd8a0e4571a87b
e1321cbc2ed8631e8ff6fc72d38c96008d0ac384	6cbb09c13bfac4bc8dca4bf317d485ac6b8a67df
60b4ea965d64b16e3416836a59d6ad5c7ddf65a2	22bc641d502438b9daedf9eec585723807948200
ccbc7a541d02fb5caa07b48b763c1dc22189291a	475187a57b9e0b1d99f9581743889c316f54e45b
47f6e498335a6304de9476af09ccb1a8cb124fdb	43332e77365ccf76c9ded620a2f05b3ef1f2efa2
82bbf21310961079a42ba586f1abca7747b57e90	8aef18107c74375e36c58fda8eec645575dbb592
8f92928d3e3f646adaf99cd51a3278c86c5815f4	5bd12f64fb482f39d6dbecc5fa2cd281dd12f09d
7f8c417fde241c1108dad8eedd2a935ba25802d7	731b4ef214eff2bd3f37298b555929bf8b365e1b
d57f1fc5bce9bdfc7c6addb5667a692dcbb56663	76f376e0f5fec1119cda1ff8f0aeeb11eecb5b19
cdc4769b252b87bc7f4aa1bd329b6ebca0e0050e	bc0a94ff1bbb61fee049e88410979cf5c77df8ab
73c747ac47137e6ad5e658460067837dec3522fd	6a89026c419abf15ebad4a9c94c0926df978bd3e
ca85a4c48b91301235bc46c7ebab9c5835fff360	3d97ed27d4ea0cf5926fd83dbceb70fd22395452
94e7f40ee469dbe0bd3e565bf84c6f4199b8f854	1326549bc2044e50b80b363b28a5e949f889a8c5
0bd7d4cd58ac2754d7a131b84919f318a25dd518	ca987be8e109a2e013aa8b88e33404b0e6ec1b8e
8309cf812b7ac80c8e330f116a548328a1650423	f43f8e74df4bbabf3951261232c54526d02a543a
03955735535bb62eaa3c97fea4c2f0e8a76a35ed	65b53e7fe64cce38ed28fe367110c3c980d724e8
392fd74400107567af4cf48d0062723ec92fc681	3a3ee686f7522225957fa8a0d03c70bdee925489
2223441a48a99627c3afa9d8ed5a82f489ef47ca	3696cb6f5c02c3d19ba9e13aab7884f70f51dcc0
09065ea50f19ba55a4f3d1d9d8343e7edc88b39d	34e31daff68c8dca766259f14be5594afb36b6eb
2ac55078be1d81ab2975abaccb32632ac83b84e2	efd45401c7643545eb69cfe8a1f582fa7d67c9a5
525234782f8f097d6a213a737da39da256d5864f	829cef389a219507e898a9e6dada5189aec6cc2c
03634383617aefc1feba57247d2bd6ded670a61f	7a024d03922dd7fd7d429a146c4083c787082c86
7e17a2e729e40f46077b513363c1ae828df95382	c437217cb171901baa210b2e12317c346cd480e7
6e8652dcdb6d77bbaa3ff92432d729b9d21eaed4	72fd2cabdcc82d3d8a2b51b2dcbc865b92332889
052b789e40be84eebfa572eaeaae100209a94838	9b34a59775dc3ffe247377632326e6db376c3169
7dbaa7981e2dae8918ab4e0ca4a0f56710b31494	cc0888f7e172a4edec42299bc3b7cbac4f1d9832
12b71426cb267e840805e335adaab461facc5baf	6a203af0d43713c5fe0105edc0428b5bf9b4d74a
c761a7bb615cb4c129577831d2f0ad2fea316c5f	920e6b9e9b193b1eded7b32e81a69fe086396d22
ee935f7fff8c6b8c323575e95a44031940c7eebe	bb80f7d06ad2a4751eef8f28a508cfa6b5d9c62f
f09a7195349e21d9eba50e6f84d0703044c53542	34085919dd77e872b99c3cda0f438785b38d4104
9e80fe8b270c7323971e70e8d7d93219491adc8b	3b10eddb90946a07dc8596d956453e9298897ca5
c20b3046e43dec4e4f33041f1ace852a10ad890d	c6c640d7194f94f5c9a78821398c5c095fded2c5
8ab9a8fb04adf421d898f592a295d12b9bbb3d46	087177b52f0cfa0712cb88f608c8a3004148c805
afa79c82d5779a5632f5ab10adcb161e5efc1a0e	ccd539b0111396eb148fbc5c4b4f18f1c30ed0fb
a1a4b907cfb5a03f60d00149dd5380f913a75762	88a95b90f6d8eba4c63925f2e6b1c79cd3f992d3
4d5737a1a333de24267dad9668c9d113c8c0fdf7	dab9065549a4a34664cf58d0166258148f7633ca
fc2f47b60bb8fec7f063bcfac8e6c68e12a5815c	7a2337393628f4f410b7ed33743fe524f6d67bbd
84f99807996a9674d3a39f6dd62331b29c01d62f	279362314c625356b8389fe9a96394e6d80eda97
badcd40279b59e324dd02ae87b0415ccaefe25fb	6f6d7cb42e3f0dd8b689e469c2b1ac38be407219
e53c5b4d60bffb51875921ae79fe6365315b01e4	c5420507ffa177f81a5a7a38937953cdd3ddb488
217ff8f000c51a5534d397401df7c4e971049707	db56ffcff4ff961e0d6d96f6e7173261368e8cdb
b5819d3c703b1461767c66226d048ccc4514abe0	df9b029e90743190b4de3d72dd82dbdc9f42c980
2e71ef9d0fcb5fa95ab683a36db28da558143f46	da8f09cd759b110101304259aa2f195ebde7c666
fcd60639f6690085586a169ba64edf7a0485893d	cd9b771cc0d9e33f13ca025cc3af5fb333a16493
3f0da71cc18138334e0320e4fb05fd3d4d976908	393606029a2b1829dbf5546445a6292fdf821355
9c5ef8608c20e871006687ae770015b418aaf43a	b490c2e75591081e508101aac03709cd5a75f1c0
5a93b999fa94274cc8930d17e84d7675636e911c	69348aa10653584b6aeb956f4a45d7f340d8a0dc
2866e5a9d0a05e272a9ae6b82143bc5b7a8aeddb	e4d85fa50e63e2e1bd077da024f52378430c0583
fb7318ce73a5e6c57d7505d4dcceeb801aa0d29a	642fff888fb7750b5c6accf7110b36a2e1180028
a03507f4f0b70b62609b85dd5490726559d65b0a	c1938ae4250024f2cc637bf4344f064849db131e
94522272b78c82f1578c56a441e0e7556858b605	ad39e947b450eb2f5f408fe75cffe0a15dff0be5
10806578d109f08a7d04036350f2ab31b9de045d	629e0db49a4b33a18a7117641035c8d783745261
d02e98726987001548586ac7e44fb12f4736bf60	b4a1c2e9fc776c1aa96f3d80a52bdeb0d3738729
1f0c6a4e72fa791c3caf40eef316ae25ae83123d	9e42315d160b8e8bed35074ee0fc20b367025220
