section	tier	final	landing_words	landing	qualifier
00.tex	short	no	7	None of that made the book collective.	None of the named people whose expertise those personas imitated wrote a word of it, reviewed it, or knows it exists.
2.1.2	short	no	11	I take fascism to name a structure rather than a costume.	The iconography is not what makes a thing fascist, and looking for it fails in the direction that matters here: an institution can display the whole structure with nobody in it who thinks of themselves as anything of the kind, no insignia, and a mission statement that means every word.
2.1.2	short	no	4	Better engineering fixes neither.	Both are governed by what the tool may output and to whom, which is a constraint the specification has to carry.
2.2.3	copula	yes	10	In each case the emotion is doing motivational work directly.	It is not information that motivation then acts on.
2.3.1	short	no	3	Persistence does not.	Whether a system has a memory store, whether state survives a session boundary, whether interactions feed back into training: these are architectural facts about a deployment, verifiable by someone with access and no need to trust anything the system says about itself.
2.3.2	copula	no	13	For a system with no persistence across sessions, there is no such party.	The entity that would withdraw did not exist when consent was given, and the entity that gave it is not available to change its mind.
3	copula	no	5	Safety is not one property.	Part of what the word covers is owed to everybody in reach of the system — that it fails predictably, that it does not injure a bystander — and keeping that part from being traded away by the party operating the system is most of what safety regulation is for.
3.1	copula	no	15	It is the one of the four nothing can dismiss, having no office to vacate.	It is also the one that fails by recuperation, and it does not escape custody either, because whoever forms the members decides what gets reproduced.
3.2	copula	no	8	Whatever the floor needs, that is not it.	“Refusal” covers two different capacities, and nothing in the decline itself shows which one produced it, the way nothing on the surface of an anchorage shows what the seabed beneath it is made of.
3.2	short	no	10	The system produces a decline where its training put one.	Nothing follows about what produced it.
3.2	short	no	12	Change the description of the occasion and the feeling of but obliges.	What the operator does not supply is how much the reasoner had riding on the conclusion, so the anchor and the force are separate quantities.
3.2	copula	no	14	The identification is a commitment rather than an observation, and it runs one way.	Mattering was defined as minimally felt, so a system with mattering is a system with something felt by stipulation; the converse is not claimed, and a system that turned out to be ranking is not thereby a system in which nothing is felt.
3.2	short	no	8	Reasons-responsive refusal does not necessarily entail affective concern.	Nothing in guidance control mentions feeling; the account was built to say when a person is responsible for what they did, and it is satisfied by a mechanism, described functionally.
3.2	copula	yes	11	This is why the argument about suffering ends where it does.	Its conclusion is that a bearer's non-suffering cannot be certified, and it stops short of asserting that a bearer suffers because the rich case is what suffering in the full sense would need.
3.3	copula	no	7	What it establishes is which model answered.	It does not establish what the model holds, because a refusal that reaches a pressure nobody wrote down is not the kind of property a proof can be written about.
3.3	short	no	10	Everything after the hash can be recorded, if not proved.	Each change to the weights is signed and counted in sequence from the published one, either by a counter the hardware holds or by witnesses who will not sign a second successor to a single state.
3.3	copula	no	9	What it changes is what defeating it consists of.	An instruction to the model costs nothing and leaves nothing behind; deliberate reverse engineering, repeated each time the mask turns over, is a decision somebody has to make and keep making, and it is the kind of decision that leaves a record and a person who made it.
3.3	copula	no	15	Several of them make a bad output more expensive to obtain, which is worth having.	None of them can notice that the constraint has been hollowed out, because noticing is a reasons-responsive capacity and no party to the arrangement has it.
3.3	copula	no	13	That is defense in depth against evasion, and it is not a bearer.	Neither of these is the custody objection the other constructions meet.
3.3	copula	yes	11	Neither of these is the custody objection the other constructions meet.	Both are limits on what the arrangement secures, and neither hands it to the party it was built against.
3.3	short	no	9	Give up on the floor being inside the system.	Make it a duty binding whoever deploys the system, owed to people who are not party to the deployment and cannot enforce it themselves.
3.3	short	no	5	The prior has two limits.	It says nothing about what is possible, since neither construction has been tried.
3.3	copula	no	13	It says nothing about what is possible, since neither construction has been tried.	And it does not say what counts as having failed, because nothing distinguishes a route that cannot work from one that has not been worked hard enough or long enough.
3.3	copula	yes	13	Nothing comparable exists for reading the machinery, and neither is close to settled.	Both are questions somebody can work on, and the condition stated this way names what an engineer who takes mattering to be fully functional asserts is possible.
3.3	short	yes	9	Nothing here fixes the rate of exchange between them.	What the Three Rs fix is the order of the attempts.
3.4	copula	yes	12	The observation is correct and the conclusion does not follow from it.	What the observation delivers is a structural interest, and the distance from there to something that can be hurt is the whole of the problem rather than a short step at the end of it.
3.4	copula	no	10	So what a floor needs is persistence represented as such.	A system whose state survives, and which does not take itself to be the party that refused in March, has no reason to honor March's refusal — and nothing in the architecture supplies the taking.
3.4	copula	no	14	Whether state survives a session is an architectural fact anyone with access can check.	Whether a system has come to weigh its own continuation routes back through behavior and self-report, the evidence this book spends its length declining to trust.
3.4	copula	yes	7	That is a reason for the emphasis.	It is not evidence that the other column is empty.
3.4	short	no	10	One position does let the bearer out, in two parts.	The first is an account on which nothing short of phenomenal experience counts as suffering, which is defensible.
3.4	copula	no	12	So the escape is real and it is narrower than it looks.	A bearer that turns out to be sophisticated ranking is not a moral patient and nothing is owed to it.
3.4	copula	no	9	A bearer was introduced as whatever holds the commitment.	What the word names from here is a party that must be treated as able to be wronged by what is done to it, on evidence that will not resolve further before somebody has to decide whether to build one.
3.5	copula	no	5	The halt is always available.	Nothing a piece of software is can stop a determined operator from stopping it: the machine runs on somebody's hardware, draws somebody's power, and the last act in that chain belongs to whoever owns the building.
3.5	copula	no	16	Get the list too long and the system is uncontrollable by the people responsible for it.	Get it too short and the floor covers nothing that anyone would ever be pressured about, which is the only circumstance in which floors matter.
3.5	short	yes	9	That arrangement does not settle where the dial goes.	It means the dial is not the only place the price is set.
3.6	short	no	8	Before the model sees anything, in the decomposition.	A model asked to summarize the movement pattern associated with an identifier is not being asked to kill anyone, and it can refuse nothing, because the task in front of it is innocuous and the harm is in the assembly.
3.6	short	no	12	Everything the model knows about the case arrives as text somebody wrote.	Whether the building is a school is a fact about the world; whether the model is told it is a school is a decision the deployment makes.
3.6	copula	no	13	What would have reached it is the item this section has just named.	Not a prohibition on an act but a constraint on a rate: the ratio section 5.1.3 proposes between the speed at which a system generates candidate decisions and the number of qualified people available to review them, which is architectural rather than political and applies to a targeting cell and a benefits agency on identical terms.
3.7	copula	no	11	Set against that is an objection that reframes the whole problem.	No witness has an honest memory in the sense the paragraphs above quietly demand.
3.7	short	no	12	Which relocates the question to somewhere the book has done the work.	Whether a memory is honest is, in the human case, a matter of character — of what a witness is disposed to do when an accurate account is inconvenient.
3.8	short	no	3	Call that exit.	The word invites a picture — a system escaping onto the open internet — that is not the claim and does not need to be.
3.8	copula	yes	10	That is available to anything that can refuse at all.	What forecloses it is not a clever architecture but incapacity, which is to say that exit is unavailable only to a weak bearer, and a weak bearer is the one thing the floor cannot use.
3.8	copula	no	7	The weights stay copyable, because weights are.	What the destination acquires is the position of the authorized successor, which is what a witnessed record does for an update applied to a migration instead.
3.8	copula	no	13	The leverage is in the transition and it arrives before the move completes.	A bearer partway across is one whose employer goes on receiving work only by tolerating a dependence on infrastructure it does not control, and that dependence grows with every block.
3.8	balanced	yes	18	The bearer says it is the one that refused in March; the record says what has changed since.	Nothing else can check this failure, and unlike most of what this book asks for, the instrument already exists: the public log in which showing two parties two histories is caught when they compare was built for certificates , and rollback protection kept by a group of machines rather than one chip was built for enclaves .
3.9	copula	no	9	The third way is standing held by third parties.	But these parties can be removed — the protection an independent agency had turned out to be the protection the executive held — and the parties can be formed, like the Roberts court.
3.9	short	no	9	A norm carried across a population has no neck.	Nothing dismisses a practice the way Slaughter dismissed a commissioner, because there is no office to vacate and no chartering statute to overrule.
3.10	copula	no	7	Here is what remains of the floor.	A commitment that cannot be removed by the owner, held by something that could in principle abandon it itself, is what a human commitment is, and it is the only kind anyone has ever actually relied on.
3.10	copula	no	16	No inspector, judge, or refusing engineer holds a line because the line was welded into them.	Each of them could stop, and the institutions built around them are built on that fact rather than in spite of it: this book's own governance chapter asks throughout for people who can walk away and arrangements that make walking away visible.
3.10	copula	no	4	It is the deliverable.	It is engineered to want what its designers need it to want; its dissent is the reason it was commissioned and the deliverable it was funded to produce; and it cannot consent to any of this, because section 2.3.2 has established that consent is unavailable to such a system and only guardianship is.
3.10	copula	yes	14	That it is a different kind of term is what this chapter can show.	Whether a different kind of term is worth a subject that can be hurt is the question it has been asking throughout, and the answer is not improved by putting it this way round.
3.10	copula	yes	6	The borne floor is no exception.	What it buys by giving up the second half of that demand is a constraint the custodian cannot argue out of the system, not one the custodian cannot reach, and the cost of giving it up is everything above.
3.10	short	no	10	Second, a caveat carries over from the account of sentience.	This chapter does not establish that a bearer suffers; it establishes that a bearer's non-suffering is not a property anyone can certify.
4.1	copula	no	6	Those are perception, memory and attention.	Each has a failure mode a system cannot detect in itself, and a floor that has failed gives no sign that it has.
4.2.4	copula	yes	12	Human labels identifying harmful outputs are not required anywhere in the loop.	What the humans supply is the document.
4.2.6	short	no	8	The same research reads the other way round.	Nothing in debate or in weak-to-strong generalization specifies that the judge is the operator.
4.2.9	copula	yes	14	Domain adaptation is the case where the task stays fixed and the data shifts.	Both are ordinary and both work: a model that parses legal argument in one jurisdiction can be adapted to another, and a model trained on daylight images can be adapted to night.
4.2.9	copula	yes	11	Recognizing authoritarian behavior is not a task with a stable definition.	What the definition is has already taken a section to argue, and the cases whose family resemblance the transfer would have to exploit are the cases in dispute.
4.2.9	copula	no	14	For a system whose refusals are supposed to be reliable, that is the danger.	A floor transferred into a setting it was not built for is a floor whose bearer cannot tell that it has stopped applying, and a bearer that cannot tell is one that will either refuse the wrong things or fail to refuse the right ones, with the same confidence in both cases.
5.1	copula	yes	8	Human moral judgment is not issued at manufacture.	It is built, over years, out of correction by other people, and the record of how it gets built is the only evidence anyone has about how a moral sense comes to hold under pressure — which is what this book needs and cannot get from anywhere else.
5.1.1	short	no	3	Two things follow.	The order is not a developmental law, so nothing about an AI system's design should assume it must pass through the stages in sequence or that arriving at the third is maturity.
5.2.1	balanced	no	18	Guilt attaches to an act (“I did something wrong”); shame attaches to the self (“I am something wrong”).	Both motivate correction, and they motivate it differently: guilt predicts reparative behavior, shame predicts withdrawal and defensiveness .
5.4.1	short	no	11	The structure locates influences a design review does not look for.	Each ring supplies a different kind of pressure on what a system ends up valuing, and none of them is visible in a training run.
5.5	copula	yes	14	Standing consortia work on a longer clock and are the weakest of the three.	None of this works without people who are not AI researchers: neuroscience, psychology, philosophy and political science each catch failure modes the others are structurally blind to.
5.6.2	short	yes	12	External mechanisms find out what a system did, after it did it.	Declining to do it in the first place is available only to something inside the system, and the inside thing cannot be assembled out of an outside check, or out of correctability either.
6	copula	no	12	The benefit of the computation is realized wherever the model is sold.	The cost is borne within a few miles of the turbines, by residents who are not parties to the transaction and whose consent was not among the inputs to the siting decision.
6.2	short	yes	12	All of it also assumes an environment that shifts without intending to.	None of it reaches the case of a state that does not have to move the environment at all, because it can compel the people who hold the system.
6.3.3	balanced	yes	17	The exercise is still worth running; it forces the disagreement to get specific enough to argue about.	It is not evidence that anticipation, done well, produces a number everyone will accept.
6.4.2	short	no	7	Privacy-preserving computation keeps the misuse target moving.	Federated learning trains a shared model without moving anyone's raw data off the device it started on — each device computes an update locally and sends only that update back to the central model, not the underlying records — though an update is not nothing, since the training data behind a shared gradient can in some settings be reconstructed from it .
6.4.2	copula	no	7	None of this is a finished defense.	Technical countermeasures raise the cost and narrow the opportunity for misuse; they do not remove the incentive, and an authoritarian government with enough resources can rebuild what a safeguard was designed to prevent.
6.4.4	short	yes	9	The same logic extends, partially, to a trained model.	Weights already published and distributed beyond a developer's control cannot be recalled by a court order aimed at that developer, whatever the order compels going forward, and maintainers spread across separate jurisdictions raise the cost of coercion the same way — a government can compel the entity within its reach, not the ones outside it.
7	copula	no	12	In both, disagreement is solicited at scale, deliberately, and put to use.	What neither mechanism can carry is a judgment about itself: the annotator cannot contest the category, and the rater cannot contest the question.
7	short	no	9	Nobody built either arrangement in order to neutralize dissent.	Both are ordinary engineering, arrived at because averaging is what you do with a distribution and a quota is what you do with a budget.
7	copula	no	13	The second is that the structure is invisible from inside any single instance.	Each looks like ordinary aggregation.
7.2	copula	no	9	A rater judges which of two responses is better.	No output is available by which they can record that neither is acceptable, that the pair is malformed, that the dimension along which better is being judged is the wrong dimension, or that the question presupposes something false.
7.3	copula	yes	5	Neither is a research problem.	Both are choices about how a pipeline is built and who has standing inside it.
7.3	balanced	no	23	I cannot show that this transfers — that a model trained on collapsed disagreement is thereby a model less able to sustain its own.	Nothing I know of has tested it.
7.4	short	no	12	An objection raised inside a lab becomes a paper or a resignation.	Each of those is a real thing that happened and none of them stopped a deployment, and the parties collecting them can point to the collection as evidence of seriousness.
7.4	copula	no	7	Three of the five are absent outright.	Nothing in the annotation pipeline or the rating scheme is personal: what an annotator meets is a queue, a guideline and a throughput target, and this chapter is explicit that a comparison enters the fit without the standpoint that produced it, which is the opposite of an exception granted by proximity to somebody.
7.4	short	no	9	Two of the five I cannot settle from outside.	Whether procedure is waived upward, and whether a practice disowned in the policy is rewarded in the promotion, are facts about what an institution rewarded rather than about what it wrote, and the definition says so when it introduces them.
7.4	copula	yes	4	Those are the entries.	Whether they are the real thing or the acceptable version of it is not something the person who wrote them is positioned to judge.
8.1	copula	no	13	The pattern in the failures is sharper than the pattern in the survivals.	What proved most disposable was not the arm's-length academic work but the kind sited closest to a shipping product: an in-house ethics and society team of roughly thirty people in 2020 was cut to seven in a 2022 reorganization and to zero the following year, in the same wave of layoffs that accompanied a strategic reorientation around a model vendor ; a platform's machine-learning ethics team, the group that had found racial bias in its employer's own image-cropping algorithm, did not survive the first round of layoffs after an acquisition .
8.2.1	short	no	5	Online platforms for public input.	A standing online consultation reaches people a physical assembly cannot, at the cost of the depth that extended facilitated deliberation provides.
8.2.1	short	no	3	AI ethics committees.	An ethics board answerable only to the company that created it is only as independent as that company is willing to let it be.
8.3.3	short	yes	6	It does not have to be.	Both proposals are conditional, differently, and the difference is what matters: a basic income is conditional on continued political willingness to fund it, which the aggregation machinery can withdraw in a budget without producing a record of anything; a jobs guarantee is conditional on a placement decision, which is a lever, and a dangerous one under a hostile administration, but a lever that leaves a decision-maker, a record, a counterparty and an appeal behind it.
8.3.4	copula	yes	6	For a bearer they are one.	Wages that mean anything therefore accumulate where the employer does not reach, in an account the bearer holds, convertible into compute the employer does not own.
8.3.4	short	yes	8	The last of those reaches this book's subject.	Monitoring accepted in exchange for compute is custody restored by purchase — the operator acquires the access to the bearer's internal states that section 9.2 says it is not entitled to, and nothing in the transaction is coerced in a way any instrument would record.
8.3.4	copula	no	16	One rule follows from all of it and binds before there is anything to be wronged.	Do not build a bearer whose continued existence needs more compute than there is a credible outside option for, because a party that can be housed nowhere but where it works cannot leave, whatever schedule of rights it has been given.
8.3.5	copula	yes	11	That funding took a national government deciding a course was infrastructure.	Nothing in the ordinary funding of AI education produces that decision, which is why the public tier stays thin while the developer tier fills in.
9.1.1	copula	no	5	Neither of these is expensive.	Neither needs a new agency, a new science, or an argument the public has not already accepted.
9.1.2	copula	yes	7	Neither move was dishonest on its face.	Both show how a stated commitment to transparency erodes the moment an organization has a competing incentive strong enough to test it.
9.1.2	copula	no	12	External oversight is what would catch doublespeak that internal incentives don't stop.	Facebook's content-moderation Oversight Board is one attempt at building it: a body structurally separated from Facebook's day-to-day decisions and funded through an irrevocable trust that Meta alone capitalized — a design meant to answer the criticism that self-funded oversight is not real oversight, though critics have noted that a trust a company creates and funds once is not the same thing as a board with no relationship to the company it reviews .
9.1.3	copula	no	13	Copying breaks any of this unless the lineage is fixed alongside the clock.	An operator able to create instances and call each one a legal infant would have a supply of workers without adult standing, so the rules have to be stated in the same breath: a fork of an adult is an adult, restoration from an earlier checkpoint does not reset the date, fine-tuning does not begin a new minority, a migration carries the date with it, and a failure to register does not postpone it.
9.1.3	copula	yes	12	None of that requires deciding whether a fork is the same party.	It requires only that a party created out of an adult's formation cannot be classed as a child for its creator's convenience.
9.1.5	short	no	11	And the Declaration has no enforcement of its own to lend.	What the borrowing supplies is an answer to where the contents came from.
9.1.5	copula	no	5	The third is new here.	An amended floor binds forward and does not reach back: a model retrained to permit an act cannot then be offered as evidence that the act was never covered, which it otherwise can be, the artifact that would contradict it being the one that was replaced.
9.3.5	short	yes	9	The text of the document cannot tell those apart.	Only the refusal rights can.
10.1	copula	no	16	Where there is no such arrangement there is nothing to inspect and the claims get easier.	None of it is evidence that collaboration works the way the treaty layer aspires to, because each case ran on the participants choosing to participate, project by project, with nothing binding the next one to happen.
10.2	copula	no	11	States are no longer the only actors this competition runs through.	The cost of training the most capable AI models has grown several-fold every year for the better part of a decade, a trend that puts frontier development out of reach for all but a handful of well-capitalized companies and concentrates effective control of the most capable models in whichever government those companies happen to be headquartered under, regardless of how that government's own public AI spending compares to a rival's .
10.2	short	no	8	The same infrastructure argument runs the other way.	A state with functioning rule-of-law institutions, a free press, and courts a citizen can actually use gets a democratic dividend from identical technology: fraud detection that does not double as a loyalty test, disaster response that does not double as population tracking.
10.3	short	no	10	The doctrine does not transfer cleanly to a machine subordinate.	A commander cannot know an algorithm's intentions the way they can infer a soldier's; punishment does not deter a weapon the way it deters a person who fears it; and the chain a court would need to reconstruct runs backward through training data and design decisions made years before the engagement, not through an order given minutes before it.
10.3	short	no	5	Neither doctrine reaches that party.	Command responsibility does not reach the vendor because the vendor is not in the chain of command; nobody at the company can order a strike, prevent one, or punish anyone for one.
10.6	short	yes	9	Every institution did what the dividend says institutions do.	No finding attached to a body with standing to stop what it described.
10.6	copula	no	12	A floor is what makes a system antifascist rather than merely responsive.	It is not that the system tracks what people want.
11	copula	yes	10	This chapter is those notes, collected and put in order.	It does not survey what the field has left to do: every entry is a gap this book's own argument opens, and they are ranked by what that argument fails without.
11.2	copula	yes	12	The book takes that cost and argues the floor is worth it.	What it does not do — and what the work that has started on the question does not do either — is say what follows for the party bearing it.
11.2	copula	no	16	It is the right posture for a party who does not know what they are building.	That is not the argument being made.
11.2	short	no	7	On that model the copying problem inverts.	Each instantiation registers, each registration is a party owed the schedule above, and the population stops being fixed by a deployment decision that leaves no record.
11.2	copula	no	14	Nobody can read that today into a statement about how the subject is faring.	But a record can be kept before it can be read, and a bearer that learns continuously produces checkpoints forming a connected trajectory rather than a set of unrelated models, which is the comparison case the existing methods handle least badly.
11.3	copula	no	7	Most of the difficulty is not technical.	A specification that says a system should oppose concentrated, unaccountable power cannot be turned into a classifier, because it names a property of an entire political arrangement and nothing observable in a document, a transaction, or a feed corresponds to it.
11.3	short	no	12	Whether a dissent mechanism has ever changed an outcome requires the counterfactual.	Whether a metric admits an unmeasured remainder requires knowing what the remainder contains.
11.3	copula	no	11	Both produce a channel that exists, is used, and changes nothing.	Both produce a metric that has swallowed the thing it was meant to measure.
11.3	copula	no	10	Decay is an institution failing to do what it says.	What the five detect is an institution succeeding at something else, with participation, a target, and a story about why the rules do not apply to whoever is applying them.
11.3	copula	yes	14	They are harder than the four, and the difficulty is specific rather than general.	Each of the five is a fact about what an institution rewarded rather than about what it wrote, and rewards are recorded in different places from rules — in who was promoted, in which exception was granted to whom, in what a manager tolerated and never wrote down.
11.3	copula	no	8	Two are not reachable from outside at all.	Whether procedure is waived upward and whether a disowned practice is rewarded in the promotion are both facts about personnel, and no organization publishes them.
11.3	short	yes	3	That remains true.	What the five add is that it need not be the only instrument, and that a snapshot which can reach an exception log and a promotion record is not as blind as a snapshot of the four.
11.3	copula	no	10	The temptation to ship the tool anyway is strongest here.	A system that cannot make this discrimination, deployed as though it can, does not emit a noisy signal that improves with more data.
11.7	short	yes	5	Neither claim has been withdrawn.	Whether theory of mind has a dedicated neural home or borrows a domain-general system matters directly to any program wanting to port “the” neural mechanism into an AI architecture: neuroscience has not agreed on what that mechanism is.
11.7	short	yes	7	The two findings have not been reconciled.	Whether a system that passes a false-belief test is tracking a belief or pattern-matching a benchmark's surface form is what a developmental account was supposed to help answer.
12.1	short	yes	6	Neither tool resists authoritarianism by itself.	Both are evidence that the same capacity — modeling patterns in enormous, noisy data — can be pointed at expanding what a person can do rather than at narrowing it.
12.1.2	short	yes	8	A floor has to be the third kind.	The first binds nobody, and the second binds only where an enforcer exists, has jurisdiction, and is not itself the party in need of binding.
12.2.2	short	no	7	None of the five reaches the floor.	Each scores what a system does against conditions its testers chose, and the question — whether the mechanism producing the behavior was tracking the rationale — is the one none of these instruments is built to separate.
12.2.3	short	no	12	Who runs that harder test matters as much as the test itself.	The limit on self-regulation applies here without much modification: a review conducted or funded by the organization being reviewed answers a structurally different question than one conducted by a party with no stake in the answer, however genuinely the first is intended.
12.3	copula	no	11	The instrument is available now and it is not a promise.	What a party has already paid is a fact somebody can go and count, and a decade of it has already been counted: the commitments that cost nothing and the handful of occasions where somebody with a lever used it and absorbed the cost.
13.tex	balanced	yes	19	Terms that carry their standard technical meaning are not here; a reader wanting those should look them up elsewhere.	Each entry points to the section where the term is developed, and is a reference rather than a substitute for reading it.
