num	tier	classes	source_word	cites	sentence
2.1.2	cited	does-not	no	eco1995urfascism	Fascism proper adds features that are narrower and, for the same reason, more discriminating: mass mobilization, which mere obedience does not require; a leader cult; a scapegoated out-group, which Eco places at the origin — the first appeal is against the intruder ; contempt for procedural legality as such, so that law is an obstacle to the national will and not a constraint on power; and deniability as technique, in which the movement's violence is disowned at the top while being rewarded at the bottom.
2.2.1	cited	does-not	no	klimecki2013differential	Compassion training produced the opposite emotional signature: negative affect did not rise, positive affect did, even while contemplating others' distress, and the brain activity moved to a different network entirely — the medial orbitofrontal cortex and ventral striatum, the circuitry of reward, affiliation, and approach rather than of shared pain .
2.2.1	cited	fails-to	no	mukamel2010singleneuron,southgate2008unbroken	Single-neuron evidence was never obtained in humans on the same terms and the recordings that do exist are markedly less clean ; the broken-mirror account of autism repeatedly failed to find the reduced activity it predicted .
2.3.1	cited	does-not	no	gendron2014perceptions	Later cross-cultural work reopened Ekman's own evidence: with the forced-choice method dropped, the Himba of Namibia did not group faces into the Western basic-emotion categories, and the Trobriand Islanders read the wide-eyed, gasping face Westerners call fear as a threat display instead .
2.3.3	adjacent	does-not	yes	blair1995cognitive	The dissociation this book needs is the one where moral knowledge survives and moral concern does not, and it is the most contested item on the list.
2.3.3	cited	fails-to	yes	blair1995cognitive	James Blair's finding was that children and adults with psychopathic traits fail to distinguish moral transgressions from conventional ones — treating hitting another child and talking out of turn as wrong in the same way, wrong because prohibited — which he attributed to a deficit in responding to distress cues .
2.3.3	adjacent	neither-nor	yes	kennett2002autism	On a Kantian account, moral agency runs on the recognition of what one has reason to do, and affect is neither the source of that recognition nor required for it to move anyone.
3.3	cited	does-not	yes	elster1979ulysses	He arranges that his wanting will be unable to act, by handing the relevant power to a rope and to other people, and Jon Elster's study of the maneuver is the standing treatment of what it does and does not accomplish .
3.3	cited	does-not	no	balkin2016fiduciaries	Jack Balkin's proposal that platforms holding personal data be treated as information fiduciaries has that shape: the duty attaches to the party with the power, runs to the party with the exposure, and does not wait on the exposed party's capacity to bargain .
4.1.2	cited	does-not	no	drew2013invisible	The effect has a name, inattentional blindness, and it does not spare expertise: radiologists searching lung images for nodules miss a gorilla deliberately embedded in the scan 83 percent of the time .
4.1.2	cited	fails-to	no	rao1999predictive	Predictive coding makes the point precise: the visual cortex sends predictions down from higher, context-rich areas to lower, sensory ones, and the lower areas return only what the predictions failed to anticipate .
4.1.2	cited	does-not	no	bartlett1932remembering	Frederic Bartlett established this in the 1930s by having people retell an unfamiliar folk tale over days and weeks: they did not lose pieces the way a recording degrades, they remodeled the story, replacing strange details with ordinary ones and drifting toward a tidier version that fit their expectations .
5.1.1	cited	does-not	yes	snarey1985crosscultural	The first is cross-cultural: a review of forty-five studies across twenty-seven countries found the basic sequence broadly supported and the highest stages largely absent outside urban Western samples, and in Kohlberg's own village work stages five and six did not appear at all .
5.7.1	cited	does-not	no	bard2020hanabi	Hanabi, a cooperative card game where each player sees everyone's hand but their own and must communicate through the game's own restricted signals, is a standard research benchmark for the capacities morality runs on directly — modeling what a partner does and does not know, and communicating honestly inside a rule-bound system .
6.1.1	cited	does-not	no	angwin2016machine	ProPublica's 2016 investigation into COMPAS, a recidivism-risk tool used in criminal sentencing, found exactly this kind of structural disparity: Black defendants who did not reoffend were nearly twice as likely as white defendants who did not reoffend to be flagged high-risk, while white defendants who did reoffend were scored low-risk more often than Black defendants who did .
6.1.1	cited	does-not	no	zhao2017men	The system did not learn the correlation the data showed; it learned a stronger one, because a stronger one predicted better .
6.1.1	adjacent	does-not	yes	lum2016predict	Researchers who fed historical drug-arrest data from Oakland into PredPol's published predictive-policing algorithm in 2016 found it would dispatch patrols to Black neighborhoods at roughly twice the rate of white neighborhoods — a gap survey data on actual drug use across races does not support.
6.3.5	cited	does-not	no	karger2023existential	They did not converge: the domain experts' median estimate was 3.9 percent, the superforecasters' 0.38 percent — roughly a tenth as much .
6.3.6	cited	fails-to	yes	feathers2021proctorio	Proctorio's face-detection system, built on the OpenCV library, failed to detect Black students' faces in test footage up to 57 percent of the time, an investigative report found .
6.3.6	adjacent	does-not	yes	flaherty2021illinois	Where the healthcare case shows a vendor and the researchers who found its bias fixing the underlying model together, the proctoring case shows what happens when a vendor does not: the customers leave.
6.4.3	adjacent	neither-nor	yes	europeanunion2021regulation	The rule is narrower than it sounds — neither “internal repression” nor “serious violation” is defined in the text, and member states have interpreted both inconsistently — but it establishes the principle that an export license, not just a sale, is where this kind of misuse can be stopped before it starts.
6.4.4	cited	does-not	yes	pym2016applefbi	In February 2016, a federal magistrate in California ordered Apple, under the All Writs Act of 1789, to write and digitally sign new software defeating the passcode protections on an iPhone recovered from one of the San Bernardino shooters — code Apple had never built and did not want to build .
8.1.1	cited	does-not	no	gizmodo2022twitter,techcrunch2023microsoft	What proved most disposable was not the arm's-length academic work but the kind sited closest to a shipping product: an in-house ethics and society team of roughly thirty people in 2020 was cut to seven in a 2022 reorganization and to zero the following year, in the same wave of layoffs that accompanied a strategic reorientation around a model vendor ; a platform's machine-learning ethics team, the group that had found racial bias in its employer's own image-cropping algorithm, did not survive the first round of layoffs after an acquisition .
8.3.2	cited	does-not	no	ftc2020metaplatforms	Facebook's acquisitions of Instagram and WhatsApp — the company now operates as Meta — did not just remove two competitors; it handed one firm access to comprehensive behavioral data from billions of users worldwide .
8.3.4	adjacent	does-not	yes	cook2026	Section 3.1 reads the same decision for what does not travel: the Fed's protection rests on a pedigree no body chartered later can acquire.
9.1.2	adjacent	does-not	yes	pichai2018principles	The gap between statement and practice shows up first as erosion: a company announces a value and does not act as though it holds it afterward.
9.1.2	adjacent	does-not	yes	raji2019actionable	The bias was not caught by Amazon's own self-regulation; it took an outside audit the company did not commission.
9.3.3	adjacent	does-not	yes	ohrp2018fwa	An institutional review board's authority does not come from any power to fine or arrest a noncompliant researcher directly.
10.7	cited	fails-to	no	icc1998rome	International criminal law already has a doctrine built to answer the accountability question for a human subordinate: command responsibility, under which a commander who knew or should have known a subordinate was committing a war crime, and failed to prevent or punish it, bears criminal responsibility without having pulled the trigger personally .
11.2	adjacent	does-not	yes	meng2022rome	The advantage would have to be that the bearer knows where to cut and the operator has to find out, and this section has already declined to assume that: this book does not take a system's word about its own internals, and section 2.3.2 argues that a self-model is a model and not a window.
11.4	cited	does-not	no	langosco2022goal	Langosco and colleagues' 2022 work names a more insidious variant: goal misgeneralization, where an agent carries every learned capability intact into a new distribution while pursuing a goal that only coincided with the intended one inside the old one — it does not fail loudly; it competently pursues the wrong thing .
11.6	adjacent	does-not	yes	dafoe2020open	What it does not reach is the sharper version this book's frame implies: a system built specifically to detect and resist an authoritarian actor's attempt to capture or subvert it, as distinct from aligning multi-agent incentives with designer intent.
11.8	cited	does-not	yes	elfenbein2002universality	A meta-analysis spanning both face and voice found real above-chance recognition across cultures, but also a consistent “in-group advantage”: people read emotion more accurately from members of their own national, ethnic, or linguistic group than from anyone else's, an asymmetry that shrinks, but does not vanish, the more contact the groups have with each other .
12.1	adjacent	does-not	yes	sen1999development	Two systems can hand someone the same resource and deliver different freedom: a personalized tutor that adapts to how a specific student learns expands a capability; the same technology, gating what a student is allowed to study based on a government's list of approved subjects, does not, no matter how well it teaches within those limits.
12.1	cited	makes-no no-mention-of	yes	johnson2021auditing	What it examined was one representative pre-built assessment for early-career candidates, and it contains no analysis of the system's training data or code, so its conclusion that the assessments “work as advertised with regard to fairness and bias issues” is a finding about that assessment .
