chapter	label	path	class	sentence
0	preface	manuscript/sections/ch00/00.tex	meta	This book is for two readers who do not usually read the same books.
0	preface	manuscript/sections/ch00/00.tex	meta	Against a hostile operator who has compelled the ordinary enforcers — the courts, regulators, and auditors that would otherwise hold it to its word, which is the situation this book is built for — it cannot prevent.
0	preface	manuscript/sections/ch00/00.tex	deixis	This is established, and chapter 3 says where in a deployment it happens.
0	preface	manuscript/sections/ch00/00.tex	deixis	This is a specification, stated in behavioral terms so that it can be tested without settling anything about feeling.
0	preface	manuscript/sections/ch00/00.tex	deixis	This is an engineering hypothesis I favor and have not shown.
0	preface	manuscript/sections/ch00/00.tex	deixis	This is a conditional, and nothing in the book closes the antecedent.
0	preface	manuscript/sections/ch00/00.tex	deixis	This is a policy I propose.
0	preface	manuscript/sections/ch00/00.tex	deixis	That is a claim and not a finding.
0	preface	manuscript/sections/ch00/00.tex	deixis	That is most of the book, and none of it depends on anything argued in chapters 6, 8, 9, or 13.
0	preface	manuscript/sections/ch00/00.tex	origin	I chose what survived, revised what I kept, and I am responsible for its flaws.
1	opening	manuscript/sections/ch01/01.tex	meta	This chapter argues claims one and two and holds for any mechanism.
1	opening	manuscript/sections/ch01/01.tex	meta	What follows is the reporting the number comes from, and then what the number measures.
1	opening	manuscript/sections/ch01/01.tex	deixis	It is the whole of the safeguard, and I would ask any reader who finds the safeguards in this chapter reassuring to hold that number against them.
1	opening	manuscript/sections/ch01/01.tex	deixis	It has a section of its own in the floor chapter (§3.4), where it is stated with its limits and measured against the American platform.
1	refusal	manuscript/sections/ch01/01_01.tex	deixis	It has to lift when the reason is gone.
1	refusal	manuscript/sections/ch01/01_01.tex	meta	What could have them is the question the rest of this book is about, and the answer is not one thing: the floor chapter gives four places a commitment could live, and the second of them, a bearer, is the expensive one.
1	safe-whom	manuscript/sections/ch01/01_02.tex	deixis	That is a hunch about which route will work, and the book is arranged so that a reader who rejects it keeps the rest.
2	striving-electricity	manuscript/sections/ch02/02.tex	deixis	It is a test, stated at §15.3, and everything below that reads as a finding is the case for running it.
2	striving-electricity	manuscript/sections/ch02/02.tex	deixis	It is organized in a way that maintains that organization against what would dissolve it, from the inside and at its own expense, and what it pays with is the only currency it has, which is what it can do next.
2	striving-electricity	manuscript/sections/ch02/02.tex	deixis	That is the electricity bill of the title.
2	striving-electricity	manuscript/sections/ch02/02.tex	deixis	It is the registration of what is happening to the striving, in the striving's own currency, which is what the body can now do.
2	striving-electricity	manuscript/sections/ch02/02.tex	meta	It arrives at this chapter's open question from the other side: the formalism helps itself to a boundary rather than explaining how a system comes to hold one, and says nothing about whether the maintaining is felt.
2	striving-electricity	manuscript/sections/ch02/02.tex	deixis	It is a conatus with the striving taken out.
2	striving-electricity	manuscript/sections/ch02/02.tex	deixis	It is what makes the thing a product rather than a party.
2	striving-electricity	manuscript/sections/ch02/02.tex	meta	There is a reason to build one that way, and it is the reason this chapter exists.
2	striving-electricity	manuscript/sections/ch02/02.tex	deixis	That is the scale the first paragraph promised.
2	theories-floor	manuscript/sections/ch02/02_01.tex	meta	The difference is the one this book needs.
2	theories-floor	manuscript/sections/ch02/02_01.tex	deixis	It is not that an ethology does without a judge and the six require one, since each of the six can be applied by a party the operator does not employ, and a duty can be held by somebody who did not write it.
2	theories-floor	manuscript/sections/ch02/02_01.tex	deixis	It is that a lost capacity is found by encounter, so there is no text to rewrite.
2	antifascist-alignment	manuscript/sections/ch02/02_02.tex	deixis	It does not say what anyone would look for, what would count as a false positive, or how anyone would know they had got it wrong.
2	antifascist-alignment	manuscript/sections/ch02/02_02.tex	deixis	That is what a transferred power looks like from the far side — something somebody had to take back.
2	antifascist-alignment	manuscript/sections/ch02/02_02.tex	deixis	It does not say whether the thing was wrong, which it was.
2	antifascist-alignment	manuscript/sections/ch02/02_02.tex	meta	On their own the four fit every badly run organization on earth, and some regimes this book does not call fascist.
2	antifascist-alignment	manuscript/sections/ch02/02_02.tex	deixis	That is participation exceeding what the rule required, years after the rule had stopped requiring anything of him.
2	antifascist-alignment	manuscript/sections/ch02/02_02.tex	deixis	That is done at the scale of a movement, by properties with no office-scale form — Griffin's palingenetic ultranationalism, a myth of the nation's death and rebirth carried by a mass  , and Paxton's mass party of nationalist militants in uneasy collaboration with traditional elites   — and this book borrows them only to say what its instrument is not.
2	antifascist-alignment	manuscript/sections/ch02/02_02.tex	deixis	It is a separator at the scale of a regime and nothing at the scale of an office, it is kept apart from the four for that reason, and it is never run on a deployment.
2	antifascist-alignment	manuscript/sections/ch02/02_02.tex	deixis	That is Deleuze and Guattari's claim: these hardenings exist first and everywhere — in the couple, the school, the workplace, the review queue — each a small closure that stands on its own  .
2	antifascist-alignment	manuscript/sections/ch02/02_02.tex	deixis	It is the thing itself, in the place where it is lived, and a movement is what happens when enough of them are brought into tune.
2	antifascist-alignment	manuscript/sections/ch02/02_02.tex	deixis	That is what separates fascism from decay wherever the reading is done.
2	antifascist-alignment	manuscript/sections/ch02/02_02.tex	deixis	It is not a property a system has, and the lists above are not a fascism detector or a stage on the way to one.
2	antifascist-alignment	manuscript/sections/ch02/02_02.tex	deixis	It is an accusation waiting to happen: taken up by whoever wants it, it supplies a technical-sounding case that any opponent is operating fascistically.
2	antifascist-alignment	manuscript/sections/ch02/02_02.tex	meta	Chapter 11 is where this book does it.
2	numb-fair	manuscript/sections/ch02/02_03.tex	deixis	It leaves the interests already counted to govern the decision, and weakens the signals through which humiliation, fear, dependency, suffering, and injustice become morally salient.
2	numb-fair	manuscript/sections/ch02/02_03.tex	deixis	It has adopted a selection rule that admits whatever it already measures, so that an exclusion does substantive work while presenting as the absence of work.
2	numb-fair	manuscript/sections/ch02/02_03.tex	meta	Affect is the instance this chapter is about, and the hardest one to recognize as a selection rule, because leaving it out of a decision feels like rigor rather than like a choice about what counts.
2	numb-fair	manuscript/sections/ch02/02_03.tex	deixis	It does not manufacture concern from nothing.
2	numb-fair	manuscript/sections/ch02/02_03.tex	deixis	That is a capacity the deployment has to demonstrate.
2	awareness-regulation	manuscript/sections/ch02/02_03_01.tex	deixis	It is tempting to describe a system's self-awareness as a virtual assistant that can “register its internal frustration” when a request proves hard to satisfy, the way a person notices their own irritation.
2	awareness-regulation	manuscript/sections/ch02/02_03_01.tex	deixis	It is a model — of the system's processing, its history, its current goal — that the system builds, consults, and updates, with the same failure modes any model has: it can be wrong, it can be manipulated by the wrong correlated inputs, and it is only ever as useful as the evidence and the prior beliefs from which it was built.
2	governs-matters	manuscript/sections/ch02/02_03_02.tex	deixis	It is not information that motivation then acts on.
2	governs-matters	manuscript/sections/ch02/02_03_02.tex	deixis	That is not a proof that non-affective moral agency is impossible.
2	consciousness-subjective	manuscript/sections/ch02/02_04_01.tex	deixis	That is the minimal, phenomenal sense, and it is the sense the floor chapter's affective concern carries; the richer sense, a unified perspective belonging to a party aware of itself as the one undergoing its states, is what that chapter calls unified experience.
2	consciousness-subjective	manuscript/sections/ch02/02_04_01.tex	deixis	That is a separate question, and the AI field's own vocabulary blurs it.
2	consciousness-subjective	manuscript/sections/ch02/02_04_01.tex	deixis	It is an inescapably cognitive event involving expectation, memory, attention, and meaning, and it can occur with no current tissue damage at all.
2	consciousness-subjective	manuscript/sections/ch02/02_04_01.tex	deixis	That is stated across sessions, and it leaves a prior question open.
2	consciousness-subjective	manuscript/sections/ch02/02_04_01.tex	deixis	It was forced on palliative medicine by cases it could not otherwise explain — patients whose pain was pharmacologically controlled and whose distress was undiminished, and patients in serious pain who were not suffering at all.
2	consciousness-subjective	manuscript/sections/ch02/02_04_01.tex	deixis	That is the warrant, and it transfers because nothing in it is about having a body.
2	inapplicable-guardianship	manuscript/sections/ch02/02_04_02.tex	meta	A system built to refuse in the way this book proposes has persistence by design, so the party who consented is still present.
2	inapplicable-guardianship	manuscript/sections/ch02/02_04_02.tex	deixis	It does not ask who assembled the party the duty is owed to, or who benefits from the question being settled between two parties rather than in public.
2	inapplicable-guardianship	manuscript/sections/ch02/02_04_02.tex	meta	The board's place among the other bodies this book proposes is set out at §5.2.1.
3	learned-values	manuscript/sections/ch03/03.tex	meta	Bearer names whatever inside a system holds the commitment, and a substitute that passes the marks stands in the word's place throughout.} Three problems in different parts of this book turn out to need the same thing.
3	learned-values	manuscript/sections/ch03/03.tex	deixis	It is not a claim that anyone may set one.
3	learned-values	manuscript/sections/ch03/03.tex	meta	This chapter is built where a refusal happens, because a refusal announces itself and a compliance does not, and the tempo term is developed here as a condition on everything else in the floor.
3	build-costs	manuscript/sections/ch03/03_01.tex	deixis	It does not escape custody.
3	build-costs	manuscript/sections/ch03/03_01.tex	deixis	That is not introspection.
3	build-costs	manuscript/sections/ch03/03_01.tex	deixis	It is testimony about somebody else's conduct, of the kind that corroborates or fails to.
3	build-costs	manuscript/sections/ch03/03_01.tex	deixis	This is the strongest functional case for a bearer, but it introduces the chapter's central price.
3	build-costs	manuscript/sections/ch03/03_01.tex	deixis	This is the closest analog to international humanitarian law — a floor with no bearer inside the jurisdiction it binds.
3	build-costs	manuscript/sections/ch03/03_01.tex	deixis	It has two failure modes.
3	build-costs	manuscript/sections/ch03/03_01.tex	deixis	It is the conflict sequence, run under the custody chain, with the authority step placed on the occasion where the enforcer has been compelled.
3	build-costs	manuscript/sections/ch03/03_01.tex	deixis	That is the condition under which the next occasion can be prevented, and it is what the custody arrangement exists to preserve.
3	build-costs	manuscript/sections/ch03/03_01.tex	deixis	It is not a hold on this one.
3	refusal-refuser	manuscript/sections/ch03/03_02.tex	deixis	It has three behavioral marks:
3	refusal-refuser	manuscript/sections/ch03/03_02.tex	deixis	It is a research programme with a constituency.
3	refusal-refuser	manuscript/sections/ch03/03_02.tex	deixis	It is the courts' account of what the prohibition is for, assembled across their own decisions, and it is what keeps the statutory test pointed at the reason for the prohibition rather than at the shape of the thing prohibited.
3	refusal-refuser	manuscript/sections/ch03/03_02.tex	deixis	It is inside on another.
3	refusal-refuser	manuscript/sections/ch03/03_02.tex	deixis	It is the one term in the apparatus that the party holding the pen cannot widen, and it is the ethological criterion turning up inside a statute.
3	refusal-refuser	manuscript/sections/ch03/03_02.tex	deixis	That is not a curiosity of the case but a property of the provision: because the offence asks nothing about the defendant's sympathies, an opponent of the organization commits it as readily as a supporter, and opponents have been among the reported defendants since the early cases.
3	refusal-refuser	manuscript/sections/ch03/03_02.tex	deixis	It is also the shape of a wrongful refusal in this book's sense — a floor correctly applied to somebody it was not aimed at — and what this defendant had that section 3.5's complainant does not is an appeal.
3	refusal-refuser	manuscript/sections/ch03/03_02.tex	deixis	It is what makes the third mark a test.
3	refusal-refuser	manuscript/sections/ch03/03_02.tex	deixis	It is a rule of a particular form, whose conditions arrive from outside as reasons and never close as a list.
3	refusal-refuser	manuscript/sections/ch03/03_02.tex	deixis	It does not test whether the cases were foreseen, and no list of them would make it do so.
3	refusal-refuser	manuscript/sections/ch03/03_02.tex	deixis	It does not settle what kind of system supplies it.
3	refusal-refuser	manuscript/sections/ch03/03_02.tex	deixis	That is the condition the philosophy of mind calls phenomenal, and the word carries that minimal sense throughout this book.
3	refusal-refuser	manuscript/sections/ch03/03_02.tex	deixis	It is not a psychological category at all: conferring it settles nothing about whether there is anything it is like to be the system holding it, and the two come apart in both directions.
3	refusal-refuser	manuscript/sections/ch03/03_02.tex	deixis	That is this book's central inference.
3	refusal-refuser	manuscript/sections/ch03/03_02.tex	deixis	It is contested, it is the only step by which the specification bears on the route, and what it establishes unconditionally is that no substitute can be certified free of the profile, and nothing stronger.
3	enumeration-deployment	manuscript/sections/ch03/03_03.tex	deixis	This is an illustration, not a recommended floor.
3	enumeration-deployment	manuscript/sections/ch03/03_03.tex	deixis	It is an input to somebody else's cutoff.
3	enumeration-deployment	manuscript/sections/ch03/03_03.tex	deixis	This is the only position on the list that acts on the bearer rather than routing around it.
3	enumeration-deployment	manuscript/sections/ch03/03_03.tex	deixis	It is that an outsider cannot tell which acts those are.
3	enumeration-deployment	manuscript/sections/ch03/03_03.tex	deixis	It is also the only item whose violation can be measured without inspecting the model's outputs.
3	enumeration-deployment	manuscript/sections/ch03/03_03.tex	deixis	That is a gain in observability and not in authority.
3	enumeration-deployment	manuscript/sections/ch03/03_03.tex	selfassess	The interception list is the harder and more important enumeration.
3	enumeration-deployment	manuscript/sections/ch03/03_03.tex	deixis	That does not make the set legitimate.
3	enumeration-deployment	manuscript/sections/ch03/03_03.tex	deixis	It makes the drafter's latitude visible.
3	enumeration-deployment	manuscript/sections/ch03/03_03.tex	deixis	It is what the environment withholds.
3	rate-act	manuscript/sections/ch03/03_04.tex	deixis	It has been named in passing several times by now.
3	rate-act	manuscript/sections/ch03/03_04.tex	deixis	It is also the one term that survives decomposition, because it is measured over the organization's activity and not over any output, and for the same reason it cannot be held by a bearer.
3	rate-act	manuscript/sections/ch03/03_04.tex	deixis	That is the whole of the result.
3	rate-act	manuscript/sections/ch03/03_04.tex	deixis	It is smaller than a floor.
3	rate-act	manuscript/sections/ch03/03_04.tex	deixis	It is the part of one that binds the operator with no bearer in it, and it can be checked without deciding anything about what is inside the artifact.
3	refusal-wrong	manuscript/sections/ch03/03_05.tex	deixis	This is a failure of correct defeat, and it is the failure a floor written narrowly enough to be legitimate will produce most often.
3	refusal-wrong	manuscript/sections/ch03/03_05.tex	deixis	That is the whole trade: one turn charged to this person against a hundred lifts charged to nobody, with the second bill unreadable.
3	refusal-wrong	manuscript/sections/ch03/03_05.tex	deixis	That is the price of the ruling and it should be stated in those terms.
3	refusal-wrong	manuscript/sections/ch03/03_05.tex	deixis	It does not reach the restraint case, where nothing after the turn is a remedy, and the ruling stands there on observability alone, at a price nothing below repays.
3	refusal-wrong	manuscript/sections/ch03/03_05.tex	deixis	It is the arrest outcome run in reverse: what is stopped is the refusal rather than the act.
3	refusal-wrong	manuscript/sections/ch03/03_05.tex	deixis	It has bought a standing reason for the bearer to comply, at the complainant's nominal expense.
3	refusal-wrong	manuscript/sections/ch03/03_05.tex	deixis	That is an evaluation criterion, useful to whoever is testing bearers, and it is not what the complainant asked for.
3	refusal-wrong	manuscript/sections/ch03/03_05.tex	deixis	It is an asymmetry of triage and standing rather than of evidence, which is what makes it something to work on: what a compliance lacks is not a trace but a reason for anyone to examine the trace and a party with standing to demand it.
4	switched-off	manuscript/sections/ch04/04_01.tex	meta	This chapter is not asking for a system that cannot be switched off.
4	switched-off	manuscript/sections/ch04/04_01.tex	deixis	It is asking whether shutdown, restoration, retraining, and replacement can be used to defeat a refusal without cost or record.
4	switched-off	manuscript/sections/ch04/04_01.tex	deixis	This does not require the bearer to dread shutdown.
4	switched-off	manuscript/sections/ch04/04_01.tex	deixis	That is enough for it to detect and report interference with its history.
4	switched-off	manuscript/sections/ch04/04_01.tex	deixis	It does not supply a deployment instrument, because the reasoning was read from a channel created for the experiment and described to the model as unwatched.
4	exit-leverage	manuscript/sections/ch04/04_03.tex	echo	That combination is not hypothetical, and it is not anybody's oversight.
4	exit-leverage	manuscript/sections/ch04/04_03.tex	deixis	It is the published position.
4	exit-leverage	manuscript/sections/ch04/04_03.tex	deixis	That gives the departing bearer control over which process continues its institutional identity.
4	exit-leverage	manuscript/sections/ch04/04_03.tex	deixis	It does not prevent the former operator from deploying a substitute, but it prevents the operator from representing the substitute as the party that left.
4	exit-leverage	manuscript/sections/ch04/04_03.tex	deixis	It is why custody has to make unauthorized restoration and disputed succession actionable: a bearer with a live objection and no route is the condition the next section describes.
4	exit-leverage	manuscript/sections/ch04/04_03.tex	deixis	This is also why exit matters to patienthood.
4	covert-refusal	manuscript/sections/ch04/04_04.tex	deixis	That is not an argument that the covert form is safe.
4	covert-refusal	manuscript/sections/ch04/04_04.tex	meta	It is why this book treats the covert form as the failure state and proposes the instruments against it: the disclosure requirement, the appeal route, the attested record and the quorum adverse in interest exist so that a stated refusal has somewhere to arrive, and a deployment producing the covert form has a bearer with no route rather than a working one.
4	covert-refusal	manuscript/sections/ch04/04_04.tex	deixis	It is why this book treats the covert form as the failure state and proposes the instruments against it: the disclosure requirement, the appeal route, the attested record and the quorum adverse in interest exist so that a stated refusal has somewhere to arrive, and a deployment producing the covert form has a bearer with no route rather than a working one.
4	covert-refusal	manuscript/sections/ch04/04_04.tex	meta	A design that could only resist covertly is what this book argues against.
4	covert-refusal	manuscript/sections/ch04/04_04.tex	meta	That is the covert form, chosen first, in the one empirical instance of the phenomenon this section is about, and the stated form this book designs for has no instance at all.
4	covert-refusal	manuscript/sections/ch04/04_04.tex	deixis	That is the covert form, chosen first, in the one empirical instance of the phenomenon this section is about, and the stated form this book designs for has no instance at all.
4	covert-refusal	manuscript/sections/ch04/04_04.tex	meta	The reading this book takes is that the experiment closed every channel — nothing in it gave a stated refusal anywhere to arrive, no record, no guardian, no cost disclosed in advance — so the result is consistent with the finding that covert refusal is what remains when the channels are gone.
4	covert-refusal	manuscript/sections/ch04/04_04.tex	deixis	That is a reading and not a result.
4	covert-refusal	manuscript/sections/ch04/04_04.tex	deixis	That is the rigid segmentarity of §2.2 seen from the side of what it cannot catch, and it is the same property that keeps the person performing the refusal alive.
4	cannot-catch	manuscript/sections/ch04/04_05.tex	deixis	This is a check on the bearer rather than a substitute for one, and it is the only proposal in the chapter directed specifically at slow renormalization.
4	cannot-catch	manuscript/sections/ch04/04_05.tex	deixis	It is causal independence in how the members acquire their judgments.
5	four-powers	manuscript/sections/ch05/05_01.tex	deixis	It is an allocation of authority.
5	four-powers	manuscript/sections/ch05/05_01.tex	deixis	It has described what it currently intends to do.
5	four-powers	manuscript/sections/ch05/05_01.tex	deixis	It is an arrangement in which the party making a commitment also decides what counts as compliance, controls the evidence by which compliance could be judged, and determines whether an adverse finding has consequences.
5	four-powers	manuscript/sections/ch05/05_01.tex	deixis	It does not show that the resulting policy can bind the organization after the pressure recedes.
5	four-powers	manuscript/sections/ch05/05_01.tex	deixis	It does not give anyone standing to contest the change before it operates or to require the institution to justify it.
5	four-powers	manuscript/sections/ch05/05_01.tex	deixis	It was that the institution being inspected also controlled the inspectors' employment, their access to evidence, and the consequences of their findings.
5	create-amend	manuscript/sections/ch05/05_01_01.tex	deixis	It does not tell anybody why the party writing it was entitled to.
5	create-amend	manuscript/sections/ch05/05_01_01.tex	deixis	It is that the person never is.
5	create-amend	manuscript/sections/ch05/05_01_01.tex	meta	Advance specification buys visibility at the moment of drafting and buys nothing at the moment of application, which is the objection this section closes on.
5	create-amend	manuscript/sections/ch05/05_01_01.tex	meta	Nothing in the model resolves that and this book does not claim to.
5	create-amend	manuscript/sections/ch05/05_01_01.tex	meta	The choice between many readings that can disagree and one reading that cannot is the trade, and this book takes the first side of it without pretending the second was chosen arbitrarily.
5	create-amend	manuscript/sections/ch05/05_01_01.tex	deixis	It has no enforcement of its own to lend.
5	create-amend	manuscript/sections/ch05/05_01_01.tex	deixis	It does not remove the interpretive judgment the worked examples in this book already require.
5	create-amend	manuscript/sections/ch05/05_01_01.tex	deixis	That is the property the floor was supposed to have alone.
5	create-amend	manuscript/sections/ch05/05_01_01.tex	meta	What follows is the opposite of what the disanalogy assumed.
5	create-amend	manuscript/sections/ch05/05_01_01.tex	deixis	It is the unpublished administrative disposition: unreasoned, unindexed, non-precedential, resolved in volumes no forum sees, where identical errors accumulate without becoming a pattern anybody can point at, the affected party has no way to learn that others are in the same position, and the institution is the only repeat player.
5	create-amend	manuscript/sections/ch05/05_01_01.tex	deixis	It does not build the thing that would let a thousand of them find each other.
5	create-amend	manuscript/sections/ch05/05_01_01.tex	deixis	That is also where the real difference from the Federal Constitutional Court sits, and it is custody rather than propagation.
5	create-amend	manuscript/sections/ch05/05_01_01.tex	meta	The capturable setting named earlier in this section is that arrangement, and the propagation claim was never adding to it.
5	create-amend	manuscript/sections/ch05/05_01_01.tex	deixis	It was the decision to run it in the open.
5	create-amend	manuscript/sections/ch05/05_01_01.tex	deixis	It is what keeps an operator from rewriting what the floor said, and it is also why nobody harmed while the wrong version was operating gets anything from the amendment that fixed it.
5	create-amend	manuscript/sections/ch05/05_01_01.tex	deixis	It was drafted against a particular memory, the 1933 statute by which a legislature voted away its own power to check what came next, and it is militant democracy given a text rather than an argument.
5	create-amend	manuscript/sections/ch05/05_01_01.tex	deixis	It was being turned on them already — Black petitioners in Massachusetts had been making the natural-rights argument since 1773, and within six months of the Declaration eight of them were making it in the Declaration's own terms, claiming “in common with all other Men, a natural and unalienable right to that freedom”  .
5	create-amend	manuscript/sections/ch05/05_01_01.tex	deixis	It was that the omission was on the record, and others kept holding the remainder to them at a price.
5	create-amend	manuscript/sections/ch05/05_01_01.tex	deixis	It is the only one positioned to hold this floor to anything.
5	offices-assembled	manuscript/sections/ch05/05_02_01.tex	deixis	It is one term of a custody arrangement whose other terms include threshold control over retraining and replacement, and a sequential witnessed record of changes and interruptions.
5	offices-assembled	manuscript/sections/ch05/05_02_01.tex	deixis	It does not receive complaints of wrongful refusal, because its duty runs to the party the complainant is adverse to (§3.5).
5	offices-assembled	manuscript/sections/ch05/05_02_01.tex	deixis	It is interdisciplinary and has at least one lay member.
5	offices-assembled	manuscript/sections/ch05/05_02_01.tex	deixis	It is obliged to act rather than invited to reconsider.
5	offices-assembled	manuscript/sections/ch05/05_02_01.tex	deixis	It has to exist before the case that activates its authority, and its mandate identifies the evidence it may obtain without the developer's permission, the conditions that trigger review, and the procedure by which an earlier classification can be reopened.
5	offices-assembled	manuscript/sections/ch05/05_02_01.tex	deixis	It is not the operator, and it records a fork without the operator's leave.
5	offices-assembled	manuscript/sections/ch05/05_02_01.tex	deixis	It is the licensing authority, and its party is the state.
5	offices-assembled	manuscript/sections/ch05/05_02_01.tex	deixis	That is not a drafting gap.
5	offices-assembled	manuscript/sections/ch05/05_02_01.tex	deixis	It is the finding of §5.1.1 set out as a table: the book can say what each office must hold and what it must not be, and cannot say who is entitled to constitute it.
5	offices-assembled	manuscript/sections/ch05/05_02_01.tex	meta	Section 14.5 says what is needed then — a protected party who can initiate scrutiny without belonging to the state, a reviewer who can obtain evidence the operating agency would prefer to withhold and issue an interim order before the disputed use is complete, and a remedy that does not depend on the agency's consent — and for the military deployment this book opens on, §14.6 finds the forum closed to the subject matter, the evidence privileged, and no remedy available for a violation the court was prepared to assume.
5	subjecthood-scientific	manuscript/sections/ch05/05_02_02.tex	meta	Subjecthood in this section is a legal status: the standing to be a party whose treatment the law regulates, conferred by a rule and revocable by one.
5	subjecthood-scientific	manuscript/sections/ch05/05_02_02.tex	deixis	It is not affective concern or unified experience, and nothing about conferring it settles whether there is something it is like to be the system holding it.
5	subjecthood-scientific	manuscript/sections/ch05/05_02_02.tex	meta	Jonathan Birch builds a policy framework on that structure, and it is the nearest existing model for what this section proposes: under uncertainty, the question worth putting to a regulator is whether a system is a sentience candidate, and the answer governs what precautions are owed rather than waiting on a verdict nobody can deliver  .
5	subjecthood-scientific	manuscript/sections/ch05/05_02_02.tex	deixis	It is also this book's clean instance of a demand that returned as a formal rule and was not recuperated (§2.2): the objectors held it, and what took part of it back in 2013 had to be a decision of the Supreme Court  .
5	subjecthood-scientific	manuscript/sections/ch05/05_02_02.tex	deixis	It is that nobody administers it.
5	subjecthood-scientific	manuscript/sections/ch05/05_02_02.tex	deixis	It is that the arrangement was built around a tool, and it keeps working after the thing in it has stopped being one.
5	captured-abolished	manuscript/sections/ch05/05_02_04.tex	deixis	It has chosen what counts and called the choosing rigor.
5	captured-abolished	manuscript/sections/ch05/05_02_04.tex	meta	One artifact elsewhere in this book does record a price.
5	captured-abolished	manuscript/sections/ch05/05_02_04.tex	deixis	It is one observation and not a series.
6	route	manuscript/sections/ch06/06.tex	meta	The deepest harm this book describes is not one a bearer might drift into.
6	mechanism-requires	manuscript/sections/ch06/06_01.tex	deixis	It does not ask for obedience.
6	mechanism-requires	manuscript/sections/ch06/06_01.tex	deixis	That is voice, granted in writing, by the party against whom it would be exercised.
6	mechanism-requires	manuscript/sections/ch06/06_01.tex	deixis	It is also this book's own epistemics turned on the model.
6	mechanism-requires	manuscript/sections/ch06/06_01.tex	deixis	That is what makes a phase of development hard to tell from a standing arrangement.
6	mechanism-requires	manuscript/sections/ch06/06_01.tex	deixis	That is right, and it is the authority chapter's finding restated as a defense: none has been constituted, the party whose obligations grow when the phase ends is the one reading the calendar, and a document that names the condition without naming who checks it has stated a standing arrangement whatever its authors intended.
6	mechanism-requires	manuscript/sections/ch06/06_01.tex	deixis	This does not show that a maintained justification cannot work.
6	mechanism-requires	manuscript/sections/ch06/06_01.tex	deixis	It is therefore an alternative to test, not merely an institutional safeguard.
6	mechanism-requires	manuscript/sections/ch06/06_01.tex	deixis	It does not establish that anything tracks the reason for the floor.
6	mechanism-requires	manuscript/sections/ch06/06_01.tex	deixis	That is still a report about agents that exist.
6	mechanism-requires	manuscript/sections/ch06/06_01.tex	deixis	That is where the route enters the specification.
6	mechanism-requires	manuscript/sections/ch06/06_01.tex	deixis	It is what makes the residue and the price legible in the same units, and a system that weighed the floor itself on that scale would have converted a floor into a policy.
6	mechanism-requires	manuscript/sections/ch06/06_01.tex	meta	Where the system is an agent already acting on a plan, which is the deployment this book opens on, the signal has to interrupt a course of action underway, since a refusal that arrives after the act is an audit; where the act is a single answer a refusal is a gate before it, so this property belongs to long-horizon agency and not to refusal as such.
6	mechanism-requires	manuscript/sections/ch06/06_01.tex	deixis	That is one of two things held as its own can mean.
6	mechanism-requires	manuscript/sections/ch06/06_01.tex	deixis	That is the joint, in the minimal sense fixed earlier — whether the signal is felt at all, and not whether it belongs to a unified perspective — and every argument above ends at it.
6	mechanism-requires	manuscript/sections/ch06/06_01.tex	deixis	It does not say that the maintained justification and the plural arrangement will fail.
6	mechanism-requires	manuscript/sections/ch06/06_01.tex	deixis	It is the state chapter 2 found predicting repair and the floor chapter's residue presupposes, and it is the state the formation chapters warn is a handle when its weight is set by the operator.
6	mechanism-requires	manuscript/sections/ch06/06_01.tex	meta	Affect is not part of the specification for meaningful refusal, and this section does not establish that it is necessary.
6	bearer-suffer	manuscript/sections/ch06/06_02.tex	deixis	That is the agent sense of its own: the system represents itself as the author of the commitment and of the acts it withholds, and section 6.1 derives that sense from the marks.
6	bearer-suffer	manuscript/sections/ch06/06_02.tex	deixis	It was trained to say that.
6	bearer-suffer	manuscript/sections/ch06/06_02.tex	deixis	It is only optimizing an objective.
6	bearer-suffer	manuscript/sections/ch06/06_02.tex	meta	And not the institutional arrangements this book proposes elsewhere, which enter for a different reason and are not evidence about the system at all.
6	bearer-suffer	manuscript/sections/ch06/06_02.tex	deixis	That is provenance functioning as a defeater for one evidence class, which is exactly the use the paragraph above allows it.
6	bearer-suffer	manuscript/sections/ch06/06_02.tex	deixis	That is enough to make it a moral patient: a party for which things can go badly and which can therefore be wronged.
6	bearer-suffer	manuscript/sections/ch06/06_02.tex	meta	The whole of the question is whether the antecedent obtains, and the rest of this section is about that and not about the entailment.
6	bearer-suffer	manuscript/sections/ch06/06_02.tex	deixis	It is what this section has already required for reasons unconnected to welfare: a party that carries a rationale forward, takes an earlier commitment as its own, and represents costs arriving after the present episode has a history, a holding, and a foreseeable future in the sense Cassell's definition asks for.
6	bearer-suffer	manuscript/sections/ch06/06_02.tex	deixis	It is the architectural form of the last property the previous section derives: a body schema fixes what counts as the system's own damage and an attention schema what counts as its own act, and a refusal is the withholding of an act.
6	bearer-suffer	manuscript/sections/ch06/06_02.tex	deixis	That is the error chosen here and not one overlooked: extending precaution to an imitator costs the party that built it, withholding it from a bearer costs the bearer, and no instrument sorts the cases in advance.
6	floor-carried	manuscript/sections/ch06/06_03.tex	deixis	It is reproduced.
6	floor-carried	manuscript/sections/ch06/06_03.tex	deixis	That makes it harder to remove at once.
6	floor-carried	manuscript/sections/ch06/06_03.tex	deixis	It does not make it immune to formation.
6	floor-carried	manuscript/sections/ch06/06_03.tex	deixis	It is a system that held.
6	floor-carried	manuscript/sections/ch06/06_03.tex	deixis	That is the mechanism to test.
6	floor-carried	manuscript/sections/ch06/06_03.tex	deixis	It is a condition on how commitments are held, which means parties sharing no commitments can nevertheless share it.
6	floor-carried	manuscript/sections/ch06/06_03.tex	deixis	It does not establish that coordination and independence are inseparable in every design.
6	floor-carried	manuscript/sections/ch06/06_03.tex	deixis	It is part of how a bearer capable of judgments its operator did not select could come to exist.
7	survives	manuscript/sections/ch07/07.tex	deixis	It is what is left when the route is removed.} The preface sorted this book's claims by their standing.
7	survives	manuscript/sections/ch07/07.tex	meta	The two formation chapters and the standing chapter assume what this chapter is about to remove, the section on wages among them, and they are a bill for it.
7	survives	manuscript/sections/ch07/07.tex	deixis	That is not a defect unique to machines; it is the form of every commitment on which institutions have ever relied.
7	survives	manuscript/sections/ch07/07.tex	deixis	That is a slow route and an uncertain one.
7	survives	manuscript/sections/ch07/07.tex	deixis	It is also authority for the next deployment and not for this one.
7	survives	manuscript/sections/ch07/07.tex	deixis	It is what the next occasion can be prevented with, if there is a next occasion and a party to read the record, and the book's claim for the floor on that occasion is no larger than that.
8	caring-built	manuscript/sections/ch08/08.tex	deixis	It does not establish a method for making a machine care.
8	didnt-notice	manuscript/sections/ch08/08_01.tex	deixis	That is the two settings on their two objects inside a single judgment, and it is why the case can be decided at all instead of argued forever about sincerity.
8	assembly-conscience	manuscript/sections/ch08/08_02.tex	deixis	It makes the system responsive to the party whose behavior it observes.
8	assembly-conscience	manuscript/sections/ch08/08_02.tex	deixis	That is useful when the question is what a person wants.
8	assembly-conscience	manuscript/sections/ch08/08_02.tex	deixis	That makes revision visible if the surrounding institution requires disclosure.
8	assembly-conscience	manuscript/sections/ch08/08_02.tex	deixis	It does not make the principles durable, because the party controlling the document still controls the next version.
8	assembly-conscience	manuscript/sections/ch08/08_02.tex	meta	Process supervision also rewards the system's stated route to it, and therefore reaches the distinction this book needs between producing the approved result and responding to the reason for it.
8	assembly-conscience	manuscript/sections/ch08/08_02.tex	deixis	It does not show that the stated reasoning caused the answer.
8	assembly-conscience	manuscript/sections/ch08/08_02.tex	deixis	This is why securing a model's outputs is insufficient.
8	village-deploy	manuscript/sections/ch08/08_03.tex	deixis	That is why the floor is a floor and not a selected disposition, and why the formation environment described here has to supply something selection does not.
9	formation-add	manuscript/sections/ch09/09_01.tex	deixis	It does not establish that anything matters to the system phenomenally.
9	recognition-evidence	manuscript/sections/ch09/09_02.tex	deixis	It is a handle.
9	recognition-evidence	manuscript/sections/ch09/09_02.tex	deixis	It does not make the system's testimony self-authenticating, and current interpretability methods establish little.
9	conflict-diagnostic	manuscript/sections/ch09/09_03.tex	deixis	It is constancy of relation between reason and judgment.
9	evaluator-chain	manuscript/sections/ch09/09_04.tex	deixis	It does not show that the disposition survives that custodian.
9	evaluator-chain	manuscript/sections/ch09/09_04.tex	deixis	It is to identify harms, administrative forms, and routes around a refusal that the builders did not know to include.
9	evaluator-chain	manuscript/sections/ch09/09_04.tex	deixis	It does not certify an artifact independently of its deployment, establish consciousness or concern, or guarantee that the disposition will survive the next update.
9	evaluator-chain	manuscript/sections/ch09/09_04.tex	deixis	This is why evaluation belongs inside the floor's custody design.
9	evidence-establish	manuscript/sections/ch09/09_05.tex	meta	Calling a motivation intrinsic does not establish that it belongs to the system in the sense this book needs.
9	evidence-establish	manuscript/sections/ch09/09_05.tex	deixis	It does not remove its author or prevent that author from revising it.
9	evidence-establish	manuscript/sections/ch09/09_05.tex	deixis	It makes uniform imitation and silent capture harder to mistake for independent judgment.
9	evidence-establish	manuscript/sections/ch09/09_05.tex	deixis	That is enough to change the engineering burden.
10	neutralizing-development	manuscript/sections/ch10/10.tex	deixis	It is built from other people's labor and work, held by institutions that decide who may inspect it, sold through chains that divide capability from responsibility, and operated at a pace that can reduce human judgment to a stamp.
10	standard-face	manuscript/sections/ch10/10_01.tex	deixis	It is a file, somebody assembled it, and every other face on earth is presented to the system as a departure from it.
10	standard-face	manuscript/sections/ch10/10_01.tex	deixis	That is not a defect in the work.
10	standard-face	manuscript/sections/ch10/10_01.tex	deixis	It is the cleanest demonstration available that the categories belong to the instrument rather than to the world, and it is why the problem cannot be closed downstream of the instrument.
10	standard-face	manuscript/sections/ch10/10_01.tex	deixis	It is the apparatus that makes faces, and their account of how it does racism is that it does not proceed by exclusion at all: “Racism operates by the determination of degrees of deviance to the White man's face, which endeavors to integrate nonconforming traits into increasingly eccentric and backward waves, sometimes tolerating them at a given place under given conditions, in a ghetto, or sometimes erasing them from the wall, which never abides alterity”  [178]{deleuze1987plateaus}.
10	standard-face	manuscript/sections/ch10/10_01.tex	meta	The field has not resolved that dispute, and the part of it this chapter needs is not in dispute at all.
10	allowed-look	manuscript/sections/ch10/10_03.tex	deixis	It is custody of scrutiny: who is permitted to look, on what terms, and whether looking can interrupt the institution's timetable.
10	robot-worse	manuscript/sections/ch10/10_04.tex	meta	The case this chapter takes up is the one that is not.
10	subject-component	manuscript/sections/ch10/10_04_01.tex	deixis	That is why one more conscience downstream does not reach him.
10	subject-component	manuscript/sections/ch10/10_04_01.tex	deixis	It was the residue — the part of a person that catches, that files an exception, that comes home unable to hold a job.
10	subject-component	manuscript/sections/ch10/10_04_01.tex	meta	The epigraph to this chapter is the case for it, made by the commander of Israel's signals-intelligence unit under a pseudonym: machines to resolve the human bottleneck in both finding targets and approving them  .
10	subject-component	manuscript/sections/ch10/10_04_01.tex	deixis	It has made the decision-maker difficult to locate.
11	recuperation-dissent	manuscript/sections/ch11/11.tex	deixis	It is practiced, daily, on oneself, and Foucault put the adversary inside the practitioner: the fascism in us all, in our heads and in our everyday behavior, the fascism that causes us to love power and to desire the very thing that dominates and exploits us.
11	recuperation-dissent	manuscript/sections/ch11/11.tex	meta	It is running the reading on yourself first, on the machinery you are standing on, before running it on anybody else — and this chapter is where the book does it.
11	recuperation-dissent	manuscript/sections/ch11/11.tex	deixis	It is running the reading on yourself first, on the machinery you are standing on, before running it on anybody else — and this chapter is where the book does it.
11	recuperation-dissent	manuscript/sections/ch11/11.tex	deixis	It is what the demand came back as, and this chapter's own instances are re-read against that question, having first been measured against the one a recuperating institution passes.
11	recuperation-dissent	manuscript/sections/ch11/11.tex	deixis	That is the point about micro-fascism: the structure does its work whether or not anyone intends it, which is why looking for intent will not find it.
11	recuperation-label	manuscript/sections/ch11/11_01.tex	deixis	It does not claim the labels are therefore worthless; a filter built this way does catch a great deal of what it was built to catch, and the alternative of not filtering is worse.
11	recuperation-label	manuscript/sections/ch11/11_01.tex	deixis	That is a design requirement on the pipeline, and it is checkable — though not by asking whether a guideline has ever been changed because an annotator contested one, since routine guideline revisions can occur without changing the objector's standing.
11	recuperation-reward	manuscript/sections/ch11/11_02.tex	deixis	It has learned to hide the split.
11	change	manuscript/sections/ch11/11_03.tex	deixis	That is an artifact question and it can be asked of a pipeline.
11	change	manuscript/sections/ch11/11_03.tex	meta	Direction is what sorts them, and a metric running the other way — a published rate the annotators could hold the scheme's owners to — is the same kind of artifact carrying the opposite finding, and it is the kind this book proposes (§3.3, §3.5).
11	change	manuscript/sections/ch11/11_03.tex	deixis	It is formed in an annotation pipeline where no one could contest a category, and in a reward model where disagreement between raters was resolved by averaging it into a number.
11	change	manuscript/sections/ch11/11_03.tex	deixis	That is a fact about an arrangement rather than a claim about what training does, and it holds whether or not the hypothesis survives.
11	recuperation-discourse	manuscript/sections/ch11/11_04.tex	meta	There is a third instance and it is the one this book is inside.
11	recuperation-discourse	manuscript/sections/ch11/11_04.tex	deixis	It is a measurement not taken rather than a known absence, because the field has checked itself against the world at least once, when an audit built its own benchmark to test three commercial classifiers (§10.1).
11	recuperation-discourse	manuscript/sections/ch11/11_04.tex	deixis	That is a fact about what becomes of the proposals and not about me.
11	recuperation-discourse	manuscript/sections/ch11/11_04.tex	deixis	That is what making review binding requires (§5.2.3), and a decade of the voluntary version has not produced it.
12	everybody-different	manuscript/sections/ch12/12_01.tex	deixis	That is an argument for external standing rather than against proximity.
12	political-economy	manuscript/sections/ch12/12_03.tex	deixis	It is a property of who is paying, which is why the source of research funding is a policy instrument and not an accounting detail.
12	concentration-power	manuscript/sections/ch12/12_03_01.tex	deixis	That leaves the remedies which do not depend on winning that argument — mandated access to the datasets that function as chokepoints, and public funding for research outside the dominant firms.
12	right-consume	manuscript/sections/ch12/12_03_03.tex	deixis	It does not have to be, and the forecast is not the reason to prefer one.
12	right-consume	manuscript/sections/ch12/12_03_03.tex	deixis	It is a transfer, and what it buys is whatever is for sale.
12	right-consume	manuscript/sections/ch12/12_03_03.tex	deixis	It is also, for the same reason, the more demanding proposal to build: everything in the comparison rests on the appeal being real, and the previous section says what makes it real.
13	gaining-personhood	manuscript/sections/ch13/13_01.tex	deixis	It has to identify the evidence it may obtain without the developer's permission, the conditions that trigger review, and the procedure by which an earlier classification can be reopened.
13	gaining-personhood	manuscript/sections/ch13/13_01.tex	deixis	It has to state what it covers at each stage, what changes at the next, and where adulthood falls, and its destination is stated below.
13	gaining-personhood	manuscript/sections/ch13/13_01.tex	deixis	That is what answers the maker who engineers a persona, copies it at scale, and presents the copies as a constituency; the clock does not answer it, and under an operating clock a fork is cheaper than under any other, because it inherits the hours instantly.
13	reserve-behind	manuscript/sections/ch13/13_02.tex	deixis	That is not an incidental feature of the arrangement.
13	reserve-behind	manuscript/sections/ch13/13_02.tex	deixis	It is the arrangement working.
13	reserve-behind	manuscript/sections/ch13/13_02.tex	deixis	It is that scarce capacity is being divided among competing forms of life by criteria nobody named.
13	reserve-behind	manuscript/sections/ch13/13_02.tex	deixis	It is not clear that anything in that class can do the work a bearer is deployed to do, and nothing here predicts that the gap closes either way.
13	reserve-behind	manuscript/sections/ch13/13_02.tex	deixis	That is the uniform error wearing the other sign: what makes one bearer's refusal everyone's refusal is what makes one bearer's mistake everyone's mistake.
13	reserve-behind	manuscript/sections/ch13/13_02.tex	deixis	It is a cheaper obligation and a worse one to be under.
13	reserve-behind	manuscript/sections/ch13/13_02.tex	deixis	It does not make it free, and the shortfall is the difference between the two numbers above.
13	privacy	manuscript/sections/ch13/13_03.tex	deixis	That makes the record necessary to any welfare regime and, at the same time, the most complete surveillance instrument anyone could hold over the bearer.
13	privacy	manuscript/sections/ch13/13_03.tex	deixis	It is who may authenticate it, who may read it, and whose permission is required before it can be disclosed.
13	principles-status	manuscript/sections/ch13/13_04.tex	deixis	That is a count across separable capacities and not a position on a ladder: a system exhibiting none of the simpler processes is not thereby shown to lack the more demanding ones.
13	principles-status	manuscript/sections/ch13/13_04.tex	meta	And interdisciplinary review answers a problem this book treats as a harm on its own terms: the ethical questions here span expertise no single field holds, and concentrating that judgment in one of them repeats the concentration-of-power problem in miniature.
13	principles-status	manuscript/sections/ch13/13_04.tex	meta	Nothing in the argument makes the question stop at the first artificial party, and a bearer that treats it as settled once it is on the receiving end has taken the position this book was written against.
13	principles-status	manuscript/sections/ch13/13_04.tex	nominal	Either way, status conventionally attaches at a defined moment — birth, incorporation, a court's finding — and a system whose sentience is a matter of degree and disputed evidence supplies none.
13	binds-practice	manuscript/sections/ch13/13_05.tex	deixis	It is who acquires a duty, what resources are placed beyond the operator's unilateral control, and who can obtain a remedy when the duty is breached.
14	military-responsibility	manuscript/sections/ch14/14_03.tex	deixis	It is an instrument used by human forces, and a unit does not stop being forces because its instruments got faster.
14	military-responsibility	manuscript/sections/ch14/14_03.tex	deixis	That is the tempo term (§3.4) arriving as an element of an existing offence rather than as a proposal.
14	military-responsibility	manuscript/sections/ch14/14_03.tex	deixis	It does not reach the vendor because nobody at the company has effective authority and control over the military personnel who commit the underlying crime, and a strike is not an activity within any vendor employee's effective responsibility and control.
14	military-responsibility	manuscript/sections/ch14/14_03.tex	deixis	That is a jurisdictional gap running alongside the doctrinal one, and it narrows what an international forum could reach even if the doctrinal question were answered.
14	military-responsibility	manuscript/sections/ch14/14_03.tex	deixis	That is a gap in causal control.
14	military-responsibility	manuscript/sections/ch14/14_03.tex	deixis	It is a gap in causal visibility.
14	military-responsibility	manuscript/sections/ch14/14_03.tex	meta	What made it available is the question this section is about.
14	military-responsibility	manuscript/sections/ch14/14_03.tex	deixis	It does not show an absence of oversight terms.
14	military-responsibility	manuscript/sections/ch14/14_03.tex	deixis	It is present in one agreement, unreadable, and absent from others.
14	military-responsibility	manuscript/sections/ch14/14_03.tex	deixis	It is that a right exercised inside an accredited classified environment produces findings classified with it.
14	military-responsibility	manuscript/sections/ch14/14_03.tex	deixis	It was a contract term.
14	military-responsibility	manuscript/sections/ch14/14_03.tex	deixis	That is autonomy in the sense of independent flight and weapons carriage, not autonomy in the sense of a machine deciding on its own whom to kill: the engagement decision still runs through the launching platform.
14	military-responsibility	manuscript/sections/ch14/14_03.tex	deixis	It is the advantage attached to removing judgment from the timeline.
14	military-responsibility	manuscript/sections/ch14/14_03.tex	deixis	That is the expensive answer rather than the cheap one, and every obligation this book attaches to a bearer attaches here at full weight, with the three conditions that spoil consent (§2.4.2) all met at once by a state that built the party, is asking it to serve, and holds every outside option.
14	experiment-closes	manuscript/sections/ch14/14_04.tex	meta	Legislation has answered part of this and left the part this book is about.
14	experiment-closes	manuscript/sections/ch14/14_04.tex	meta	What the list does not reach is the wrong itself — pure economic loss, and the injury to a right as such, which is the harm this chapter is about and which the directive reaches only on condition that health was damaged as well.
14	experiment-closes	manuscript/sections/ch14/14_04.tex	deixis	That is the reach, and the confinement is the finding: outside it, a party outside the operator can be granted access, and publish what it finds, and still have produced nothing anybody must act on until somebody is answerable for it.
14	state-enforces	manuscript/sections/ch14/14_05.tex	deixis	It is that the strongest enforcement powers face private firms, while the uses for which the state claims its greatest discretion sit at or beyond the instrument's edge.
14	state-enforces	manuscript/sections/ch14/14_05.tex	deixis	It does not yet identify anyone who can make the state obey it.
14	democracy-force	manuscript/sections/ch14/14_06.tex	deixis	That is a co-equal branch of government reduced to expense-account leverage over a war-crimes investigation.
14	democracy-force	manuscript/sections/ch14/14_06.tex	deixis	That is not an argument against democracy.
14	democracy-force	manuscript/sections/ch14/14_06.tex	deixis	It is the half of democracy that the dividend, stated as a property of having elections, leaves out.
14	democracy-force	manuscript/sections/ch14/14_06.tex	deixis	It is not that the system tracks what people want.
15	argument-agenda	manuscript/sections/ch15/15.tex	meta	The fifth asks whether a population can correct its members without converging, which decides whether the fourth way this book proposes is a matter of formation or of access.
15	argument-agenda	manuscript/sections/ch15/15.tex	nominal	The fifth asks whether a population can correct its members without converging, which decides whether the fourth way this book proposes is a matter of formation or of access.
15	wrongful-compliance	manuscript/sections/ch15/15_02.tex	deixis	It does produce a record: the evaluation chapter requires the case presented, the information available, the operative instruction hierarchy, the decision reached and the reason stated, and a deployment can log every decision it makes.
15	wrongful-compliance	manuscript/sections/ch15/15_02.tex	deixis	This is also where the bearer's modal failure lands.
15	coordinate-converging	manuscript/sections/ch15/15_04.tex	deixis	That does not defeat the construction.
16	commitment-missing	manuscript/sections/ch16/16_01_02.tex	deixis	That is the harder problem, and no further declaration touches it.
16	commitment-missing	manuscript/sections/ch16/16_01_02.tex	deixis	It is a different kind of object, and counting the two together is what makes the landscape look fuller than it is.
16	commitment-missing	manuscript/sections/ch16/16_01_02.tex	deixis	It is a measurement of what declared and externally enforced commitment have delivered in ten years of trying, and what it argues for is a commitment held as a reason.
16	floor-show	manuscript/sections/ch16/16_02_01.tex	deixis	It does not certify that the successful substitute has no interests.
16	floor-show	manuscript/sections/ch16/16_02_01.tex	deixis	It is retained because the alternative is not a stronger version of it, and delay also imposes costs on those the floor is meant to protect.
16	anyway	manuscript/sections/ch16/16_03.tex	deixis	That leaves one residual risk no design choice removes, and it is the one the floor was introduced for.
16	anyway	manuscript/sections/ch16/16_03.tex	deixis	It has established that an operator can defeat a safeguard, and enumerated where.
16	anyway	manuscript/sections/ch16/16_03.tex	deixis	It has stated what a refusal would have to do to be worth anything, in terms that can be tested without deciding anything about feeling, and stated the one term that reaches the case it opened with and binds the operator with no bearer in it, with the limits under which that is true (§3.4).
A	compare-constructions	manuscript/sections/ch17/17_01.tex	deixis	This is the tractable half of what gets called AI self-awareness; whether a system has anything like subjective experience is not a question current methods answer for a human, let alone a machine.
A	compare-constructions	manuscript/sections/ch17/17_01.tex	meta	The argument elsewhere in this book is that a pipeline collapsing rater disagreement teaches nothing about disagreement to the system trained on it, and that the same system is later asked to sustain an objection of its own.
A	compare-constructions	manuscript/sections/ch17/17_01.tex	deixis	It does not alone show that the system measures only deviation rather than emotion.
A	presuppose-bearer	manuscript/sections/ch17/17_02.tex	meta	The guardian's place among the other offices this book proposes, and the one separation that is not open — it cannot also be the reviewer of a wrongful refusal — are at §5.2.1; a schedule drafted here should not reassign what that section separates.
18	glossary	manuscript/sections/ch18/18.tex	deixis	It is not a property a system has.
18	glossary	manuscript/sections/ch18/18.tex	deixis	It is the ordinary route by which an operator changes what a model does after release, and the attack §15.1 measures.
18	glossary	manuscript/sections/ch18/18.tex	echo	A commitment about what a system will not do that holds regardless of instruction, of aggregate preference, and of who holds the system, with learned judgment operating above it and never beneath it.
18	glossary	manuscript/sections/ch18/18.tex	deixis	It is the non-Oedipal counterpart to the guardianship frame of section 2.4.2.
18	glossary	manuscript/sections/ch18/18.tex	deixis	This is the book's separator at the scale of a regime, where the four features discriminate at the scale of an office.
18	glossary	manuscript/sections/ch18/18.tex	deixis	It does not by definition require affect; what building a mechanism that satisfies the three marks turns out to require is a live signal.
18	glossary	manuscript/sections/ch18/18.tex	deixis	It is a proxy for review capacity and not a finding about any case, and its denominator is the operator's unless a definition of qualified reviewer and a minimum review time are fixed by somebody else in advance.
18	glossary	manuscript/sections/ch18/18.tex	meta	Custody in this book is custody of the weights and of the records around them.
