tic	count	sections	per_10k
foster	278	149	24.1
robust	148	88	12.8
crucial	118	93	10.2
nuanced	71	54	6.2
navigate	67	54	5.8
leverage	59	51	5.1
intricate	47	38	4.1
harness	34	28	2.9
moreover	34	34	2.9
pivotal	33	28	2.9
furthermore	32	31	2.8
additionally	30	30	2.6
landscape	29	24	2.5
realm	28	26	2.4
delve	28	26	2.4
multifaceted	24	22	2.1
underscore	22	22	1.9
paramount	21	21	1.8
holistic	19	17	1.6
imperative (adj)	18	18	1.6
ultimately	18	16	1.6
encapsulate	10	8	0.9
cornerstone	10	10	0.9
amalgamation	9	9	0.8
indispensable	8	8	0.7
in essence	8	8	0.7
myriad	5	5	0.4
tapestry	2	2	0.2
it is important to note	0	0	0.0
